id,x,y,z,dead_load,live_load,mass,record_disp,record_accel,story,primary_story,on_slab,fix
6000,71,0,0,0,0,0,1,1,0,0,0,[111111]
6001,71,174,0,35256.4102564103,2051.28205128205,91.3378504052079,1,1,1,1,0,[000000]
6002,371,174,0,70512.8205128205,4102.5641025641,182.675700810416,1,1,1,0,0,[000000]
6003,371,0,0,0,0,0,1,1,0,0,0,[111111]
6004,671,174,0,70512.8205128205,4102.5641025641,182.675700810416,1,1,1,0,0,[000000]
6005,671,0,0,0,0,0,1,1,0,0,0,[111111]
6006,971,174,0,70512.8205128205,4102.5641025641,182.675700810416,1,1,1,0,0,[000000]
6007,971,0,0,0,0,0,1,1,0,0,0,[111111]
6008,1271,174,0,70512.8205128205,4102.5641025641,182.675700810416,1,1,1,0,0,[000000]
6009,1271,0,0,0,0,0,1,1,0,0,0,[111111]
6010,1571,174,0,35256.4102564103,2051.28205128205,91.3378504052079,1,1,1,0,0,[000000]
6011,1571,0,0,0,0,0,1,1,0,0,0,[111111]
6012,71,0,300,0,0,0,1,1,0,0,0,[111111]
6013,71,174,300,70512.8205128205,4102.5641025641,182.675700810416,1,1,1,0,0,[000000]
6014,371,174,300,141025.641025641,8205.12820512821,365.351401620832,1,1,1,0,0,[000000]
6015,371,0,300,0,0,0,1,1,0,0,0,[111111]
6016,671,174,300,141025.641025641,8205.12820512821,365.351401620832,1,1,1,0,0,[000000]
6017,671,0,300,0,0,0,1,1,0,0,0,[111111]
6018,971,174,300,141025.641025641,8205.12820512821,365.351401620832,1,1,1,0,0,[000000]
6019,971,0,300,0,0,0,1,1,0,0,0,[111111]
6020,1271,174,300,141025.641025641,8205.12820512821,365.351401620832,1,1,1,0,0,[000000]
6021,1271,0,300,0,0,0,1,1,0,0,0,[111111]
6022,1571,174,300,70512.8205128205,4102.5641025641,182.675700810416,1,1,1,0,0,[000000]
6023,1571,0,300,0,0,0,1,1,0,0,0,[111111]
6024,71,0,600,0,0,0,1,1,0,0,0,[111111]
6025,71,174,600,70512.8205128205,4102.5641025641,182.675700810416,1,1,1,0,0,[000000]
6026,371,174,600,141025.641025641,8205.12820512821,365.351401620832,1,1,1,0,0,[000000]
6027,371,0,600,0,0,0,1,1,0,0,0,[111111]
6028,671,174,600,141025.641025641,8205.12820512821,365.351401620832,1,1,1,0,0,[000000]
6029,671,0,600,0,0,0,1,1,0,0,0,[111111]
6030,971,174,600,141025.641025641,8205.12820512821,365.351401620832,1,1,1,0,0,[000000]
6031,971,0,600,0,0,0,1,1,0,0,0,[111111]
6032,1271,174,600,141025.641025641,8205.12820512821,365.351401620832,1,1,1,0,0,[000000]
6033,1271,0,600,0,0,0,1,1,0,0,0,[111111]
6034,1571,174,600,70512.8205128205,4102.5641025641,182.675700810416,1,1,1,0,0,[000000]
6035,1571,0,600,0,0,0,1,1,0,0,0,[111111]
6036,71,0,900,0,0,0,1,1,0,0,0,[111111]
6037,71,174,900,35256.4102564103,2051.28205128205,91.3378504052079,1,1,1,0,0,[000000]
6038,371,174,900,70512.8205128205,4102.5641025641,182.675700810416,1,1,1,0,0,[000000]
6039,371,0,900,0,0,0,1,1,0,0,0,[111111]
6040,671,174,900,70512.8205128205,4102.5641025641,182.675700810416,1,1,1,0,0,[000000]
6041,671,0,900,0,0,0,1,1,0,0,0,[111111]
6042,971,174,900,70512.8205128205,4102.5641025641,182.675700810416,1,1,1,0,0,[000000]
6043,971,0,900,0,0,0,1,1,0,0,0,[111111]
6044,1271,174,900,70512.8205128205,4102.5641025641,182.675700810416,1,1,1,0,0,[000000]
6045,1271,0,900,0,0,0,1,1,0,0,0,[111111]
6046,1571,174,900,35256.4102564103,2051.28205128205,91.3378504052079,1,1,1,0,0,[000000]
6047,1571,0,900,0,0,0,1,1,0,0,0,[111111]
6048,71,0,450,0,0,0,1,1,0,0,0,[111111]
6049,71,174,450,21153.8461538462,1230.76923076923,54.8027102431248,1,1,1,0,0,[000000]
6050,671,0,450,0,0,0,1,1,0,0,0,[111111]
6051,671,174,450,21153.8461538462,1230.76923076923,54.8027102431248,1,1,1,0,0,[000000]
6052,971,0,450,0,0,0,1,1,0,0,0,[111111]
6053,971,174,450,21153.8461538462,1230.76923076923,54.8027102431248,1,1,1,0,0,[000000]
6054,1271,0,450,0,0,0,1,1,0,0,0,[111111]
6055,1271,174,450,21153.8461538462,1230.76923076923,54.8027102431248,1,1,1,0,0,[000000]
6056,71,336,0,36998.7269255251,2036.91915977085,95.8516241593915,1,1,2,1,0,[000000]
6057,371,336,0,73997.4538510503,4073.83831954169,191.703248318783,1,1,2,0,0,[000000]
6058,671,336,0,73997.4538510503,4073.83831954169,191.703248318783,1,1,2,0,0,[000000]
6059,971,336,0,73997.4538510503,4073.83831954169,191.703248318783,1,1,2,0,0,[000000]
6060,1271,336,0,73997.4538510503,4073.83831954169,191.703248318783,1,1,2,0,0,[000000]
6061,1571,336,0,36998.7269255251,2036.91915977085,95.8516241593915,1,1,2,0,0,[000000]
6062,71,336,300,73997.4538510503,4073.83831954169,191.703248318783,1,1,2,0,0,[000000]
6063,371,336,300,147994.907702101,8147.67663908339,383.406496637566,1,1,2,0,0,[000000]
6064,671,336,300,147994.907702101,8147.67663908339,383.406496637566,1,1,2,0,0,[000000]
6065,971,336,300,147994.907702101,8147.67663908339,383.406496637566,1,1,2,0,0,[000000]
6066,1271,336,300,147994.907702101,8147.67663908339,383.406496637566,1,1,2,0,0,[000000]
6067,1571,336,300,73997.4538510503,4073.83831954169,191.703248318783,1,1,2,0,0,[000000]
6068,71,336,600,73997.4538510503,4073.83831954169,191.703248318783,1,1,2,0,0,[000000]
6069,371,336,600,147994.907702101,8147.67663908339,383.406496637566,1,1,2,0,0,[000000]
6070,671,336,600,147994.907702101,8147.67663908339,383.406496637566,1,1,2,0,0,[000000]
6071,971,336,600,147994.907702101,8147.67663908339,383.406496637566,1,1,2,0,0,[000000]
6072,1271,336,600,147994.907702101,8147.67663908339,383.406496637566,1,1,2,0,0,[000000]
6073,1571,336,600,73997.4538510503,4073.83831954169,191.703248318783,1,1,2,0,0,[000000]
6074,71,336,900,36998.7269255251,2036.91915977085,95.8516241593915,1,1,2,0,0,[000000]
6075,371,336,900,73997.4538510503,4073.83831954169,191.703248318783,1,1,2,0,0,[000000]
6076,671,336,900,73997.4538510503,4073.83831954169,191.703248318783,1,1,2,0,0,[000000]
6077,971,336,900,73997.4538510503,4073.83831954169,191.703248318783,1,1,2,0,0,[000000]
6078,1271,336,900,73997.4538510503,4073.83831954169,191.703248318783,1,1,2,0,0,[000000]
6079,1571,336,900,36998.7269255251,2036.91915977085,95.8516241593915,1,1,2,0,0,[000000]
6080,0,174,450,0,0,0,1,1,1,0,0,[000000]
6081,0,336,450,52538.1922342457,2892.4252068746,136.109306306336,1,1,2,0,0,[000000]
6082,1642,174,450,0,0,0,1,1,1,0,0,[000000]
6083,1642,336,450,52538.1922342457,2892.4252068746,136.109306306336,1,1,2,0,0,[000000]
6084,71,498,0,36998.7269255251,2036.91915977085,95.8516241593915,1,1,3,1,0,[000000]
6085,371,498,0,73997.4538510503,4073.83831954169,191.703248318783,1,1,3,0,0,[000000]
6086,671,498,0,73997.4538510503,4073.83831954169,191.703248318783,1,1,3,0,0,[000000]
6087,971,498,0,73997.4538510503,4073.83831954169,191.703248318783,1,1,3,0,0,[000000]
6088,1271,498,0,73997.4538510503,4073.83831954169,191.703248318783,1,1,3,0,0,[000000]
6089,1571,498,0,36998.7269255251,2036.91915977085,95.8516241593915,1,1,3,0,0,[000000]
6090,71,498,300,73997.4538510503,4073.83831954169,191.703248318783,1,1,3,0,0,[000000]
6091,371,498,300,147994.907702101,8147.67663908339,383.406496637566,1,1,3,0,0,[000000]
6092,671,498,300,147994.907702101,8147.67663908339,383.406496637566,1,1,3,0,0,[000000]
6093,971,498,300,147994.907702101,8147.67663908339,383.406496637566,1,1,3,0,0,[000000]
6094,1271,498,300,147994.907702101,8147.67663908339,383.406496637566,1,1,3,0,0,[000000]
6095,1571,498,300,73997.4538510503,4073.83831954169,191.703248318783,1,1,3,0,0,[000000]
6096,71,498,600,73997.4538510503,4073.83831954169,191.703248318783,1,1,3,0,0,[000000]
6097,371,498,600,147994.907702101,8147.67663908339,383.406496637566,1,1,3,0,0,[000000]
6098,671,498,600,147994.907702101,8147.67663908339,383.406496637566,1,1,3,0,0,[000000]
6099,971,498,600,147994.907702101,8147.67663908339,383.406496637566,1,1,3,0,0,[000000]
6100,1271,498,600,147994.907702101,8147.67663908339,383.406496637566,1,1,3,0,0,[000000]
6101,1571,498,600,73997.4538510503,4073.83831954169,191.703248318783,1,1,3,0,0,[000000]
6102,71,498,900,36998.7269255251,2036.91915977085,95.8516241593915,1,1,3,0,0,[000000]
6103,371,498,900,73997.4538510503,4073.83831954169,191.703248318783,1,1,3,0,0,[000000]
6104,671,498,900,73997.4538510503,4073.83831954169,191.703248318783,1,1,3,0,0,[000000]
6105,971,498,900,73997.4538510503,4073.83831954169,191.703248318783,1,1,3,0,0,[000000]
6106,1271,498,900,73997.4538510503,4073.83831954169,191.703248318783,1,1,3,0,0,[000000]
6107,1571,498,900,36998.7269255251,2036.91915977085,95.8516241593915,1,1,3,0,0,[000000]
6108,0,498,450,52538.1922342457,2892.4252068746,136.109306306336,1,1,3,0,0,[000000]
6109,1642,498,450,52538.1922342457,2892.4252068746,136.109306306336,1,1,3,0,0,[000000]
6110,71,660,0,36998.7269255251,2036.91915977085,95.8516241593915,1,1,4,1,0,[000000]
6111,371,660,0,73997.4538510503,4073.83831954169,191.703248318783,1,1,4,0,0,[000000]
6112,671,660,0,73997.4538510503,4073.83831954169,191.703248318783,1,1,4,0,0,[000000]
6113,971,660,0,73997.4538510503,4073.83831954169,191.703248318783,1,1,4,0,0,[000000]
6114,1271,660,0,73997.4538510503,4073.83831954169,191.703248318783,1,1,4,0,0,[000000]
6115,1571,660,0,36998.7269255251,2036.91915977085,95.8516241593915,1,1,4,0,0,[000000]
6116,71,660,300,73997.4538510503,4073.83831954169,191.703248318783,1,1,4,0,0,[000000]
6117,371,660,300,147994.907702101,8147.67663908339,383.406496637566,1,1,4,0,0,[000000]
6118,671,660,300,147994.907702101,8147.67663908339,383.406496637566,1,1,4,0,0,[000000]
6119,971,660,300,147994.907702101,8147.67663908339,383.406496637566,1,1,4,0,0,[000000]
6120,1271,660,300,147994.907702101,8147.67663908339,383.406496637566,1,1,4,0,0,[000000]
6121,1571,660,300,73997.4538510503,4073.83831954169,191.703248318783,1,1,4,0,0,[000000]
6122,71,660,600,73997.4538510503,4073.83831954169,191.703248318783,1,1,4,0,0,[000000]
6123,371,660,600,147994.907702101,8147.67663908339,383.406496637566,1,1,4,0,0,[000000]
6124,671,660,600,147994.907702101,8147.67663908339,383.406496637566,1,1,4,0,0,[000000]
6125,971,660,600,147994.907702101,8147.67663908339,383.406496637566,1,1,4,0,0,[000000]
6126,1271,660,600,147994.907702101,8147.67663908339,383.406496637566,1,1,4,0,0,[000000]
6127,1571,660,600,73997.4538510503,4073.83831954169,191.703248318783,1,1,4,0,0,[000000]
6128,71,660,900,36998.7269255251,2036.91915977085,95.8516241593915,1,1,4,0,0,[000000]
6129,371,660,900,73997.4538510503,4073.83831954169,191.703248318783,1,1,4,0,0,[000000]
6130,671,660,900,73997.4538510503,4073.83831954169,191.703248318783,1,1,4,0,0,[000000]
6131,971,660,900,73997.4538510503,4073.83831954169,191.703248318783,1,1,4,0,0,[000000]
6132,1271,660,900,73997.4538510503,4073.83831954169,191.703248318783,1,1,4,0,0,[000000]
6133,1571,660,900,36998.7269255251,2036.91915977085,95.8516241593915,1,1,4,0,0,[000000]
6134,0,660,450,52538.1922342457,2892.4252068746,136.109306306336,1,1,4,0,0,[000000]
6135,1642,660,450,52538.1922342457,2892.4252068746,136.109306306336,1,1,4,0,0,[000000]
6136,71,822,0,36998.7269255251,2036.91915977085,95.8516241593915,1,1,5,1,0,[000000]
6137,371,822,0,73997.4538510503,4073.83831954169,191.703248318783,1,1,5,0,0,[000000]
6138,671,822,0,73997.4538510503,4073.83831954169,191.703248318783,1,1,5,0,0,[000000]
6139,971,822,0,73997.4538510503,4073.83831954169,191.703248318783,1,1,5,0,0,[000000]
6140,1271,822,0,73997.4538510503,4073.83831954169,191.703248318783,1,1,5,0,0,[000000]
6141,1571,822,0,36998.7269255251,2036.91915977085,95.8516241593915,1,1,5,0,0,[000000]
6142,71,822,300,73997.4538510503,4073.83831954169,191.703248318783,1,1,5,0,0,[000000]
6143,371,822,300,147994.907702101,8147.67663908339,383.406496637566,1,1,5,0,0,[000000]
6144,671,822,300,147994.907702101,8147.67663908339,383.406496637566,1,1,5,0,0,[000000]
6145,971,822,300,147994.907702101,8147.67663908339,383.406496637566,1,1,5,0,0,[000000]
6146,1271,822,300,147994.907702101,8147.67663908339,383.406496637566,1,1,5,0,0,[000000]
6147,1571,822,300,73997.4538510503,4073.83831954169,191.703248318783,1,1,5,0,0,[000000]
6148,71,822,600,73997.4538510503,4073.83831954169,191.703248318783,1,1,5,0,0,[000000]
6149,371,822,600,147994.907702101,8147.67663908339,383.406496637566,1,1,5,0,0,[000000]
6150,671,822,600,147994.907702101,8147.67663908339,383.406496637566,1,1,5,0,0,[000000]
6151,971,822,600,147994.907702101,8147.67663908339,383.406496637566,1,1,5,0,0,[000000]
6152,1271,822,600,147994.907702101,8147.67663908339,383.406496637566,1,1,5,0,0,[000000]
6153,1571,822,600,73997.4538510503,4073.83831954169,191.703248318783,1,1,5,0,0,[000000]
6154,71,822,900,36998.7269255251,2036.91915977085,95.8516241593915,1,1,5,0,0,[000000]
6155,371,822,900,73997.4538510503,4073.83831954169,191.703248318783,1,1,5,0,0,[000000]
6156,671,822,900,73997.4538510503,4073.83831954169,191.703248318783,1,1,5,0,0,[000000]
6157,971,822,900,73997.4538510503,4073.83831954169,191.703248318783,1,1,5,0,0,[000000]
6158,1271,822,900,73997.4538510503,4073.83831954169,191.703248318783,1,1,5,0,0,[000000]
6159,1571,822,900,36998.7269255251,2036.91915977085,95.8516241593915,1,1,5,0,0,[000000]
6160,0,822,450,52538.1922342457,2892.4252068746,136.109306306336,1,1,5,0,0,[000000]
6161,1642,822,450,52538.1922342457,2892.4252068746,136.109306306336,1,1,5,0,0,[000000]
6162,71,980,0,30235.5187778485,811.584977721197,78.3303595281049,1,1,6,1,0,[000000]
6163,371,980,0,60471.037555697,1623.16995544239,156.66071905621,1,1,6,0,0,[000000]
6164,671,980,0,60471.037555697,1623.16995544239,156.66071905621,1,1,6,0,0,[000000]
6165,971,980,0,60471.037555697,1623.16995544239,156.66071905621,1,1,6,0,0,[000000]
6166,1271,980,0,60471.037555697,1623.16995544239,156.66071905621,1,1,6,0,0,[000000]
6167,1571,980,0,30235.5187778485,811.584977721197,78.3303595281049,1,1,6,0,0,[000000]
6168,71,980,300,60471.037555697,1623.16995544239,156.66071905621,1,1,6,0,0,[000000]
6169,371,980,300,120942.075111394,3246.33991088479,313.32143811242,1,1,6,0,0,[000000]
6170,671,980,300,120942.075111394,3246.33991088479,313.32143811242,1,1,6,0,0,[000000]
6171,971,980,300,120942.075111394,3246.33991088479,313.32143811242,1,1,6,0,0,[000000]
6172,1271,980,300,120942.075111394,3246.33991088479,313.32143811242,1,1,6,0,0,[000000]
6173,1571,980,300,60471.037555697,1623.16995544239,156.66071905621,1,1,6,0,0,[000000]
6174,71,980,600,60471.037555697,1623.16995544239,156.66071905621,1,1,6,0,0,[000000]
6175,371,980,600,120942.075111394,3246.33991088479,313.32143811242,1,1,6,0,0,[000000]
6176,671,980,600,120942.075111394,3246.33991088479,313.32143811242,1,1,6,0,0,[000000]
6177,971,980,600,120942.075111394,3246.33991088479,313.32143811242,1,1,6,0,0,[000000]
6178,1271,980,600,120942.075111394,3246.33991088479,313.32143811242,1,1,6,0,0,[000000]
6179,1571,980,600,60471.037555697,1623.16995544239,156.66071905621,1,1,6,0,0,[000000]
6180,71,980,900,30235.5187778485,811.584977721197,78.3303595281049,1,1,6,0,0,[000000]
6181,371,980,900,60471.037555697,1623.16995544239,156.66071905621,1,1,6,0,0,[000000]
6182,671,980,900,60471.037555697,1623.16995544239,156.66071905621,1,1,6,0,0,[000000]
6183,971,980,900,60471.037555697,1623.16995544239,156.66071905621,1,1,6,0,0,[000000]
6184,1271,980,900,60471.037555697,1623.16995544239,156.66071905621,1,1,6,0,0,[000000]
6185,1571,980,900,30235.5187778485,811.584977721197,78.3303595281049,1,1,6,0,0,[000000]
6186,0,980,450,42934.4366645449,1152.4506683641,111.229110529909,1,1,6,0,0,[000000]
6187,1642,980,450,42934.4366645449,1152.4506683641,111.229110529909,1,1,6,0,0,[000000]
6188,71,144,0,0,0,0,0,0,0,0,0,[000000]
6189,83,159,0,0,0,0,0,0,0,0,0,[000000]
6190,371,144,0,0,0,0,0,0,0,0,0,[000000]
6191,359,159,0,0,0,0,0,0,0,0,0,[000000]
6192,383,159,0,0,0,0,0,0,0,0,0,[000000]
6193,671,144,0,0,0,0,0,0,0,0,0,[000000]
6194,659,159,0,0,0,0,0,0,0,0,0,[000000]
6195,683,159,0,0,0,0,0,0,0,0,0,[000000]
6196,971,144,0,0,0,0,0,0,0,0,0,[000000]
6197,959,159,0,0,0,0,0,0,0,0,0,[000000]
6198,983,159,0,0,0,0,0,0,0,0,0,[000000]
6199,1271,144,0,0,0,0,0,0,0,0,0,[000000]
6200,1259,159,0,0,0,0,0,0,0,0,0,[000000]
6201,1283,159,0,0,0,0,0,0,0,0,0,[000000]
6202,1571,144,0,0,0,0,0,0,0,0,0,[000000]
6203,1559,159,0,0,0,0,0,0,0,0,0,[000000]
6204,71,144,300,0,0,0,0,0,0,0,0,[000000]
6205,83,159,300,0,0,0,0,0,0,0,0,[000000]
6206,371,144,300,0,0,0,0,0,0,0,0,[000000]
6207,359,159,300,0,0,0,0,0,0,0,0,[000000]
6208,383,159,300,0,0,0,0,0,0,0,0,[000000]
6209,671,144,300,0,0,0,0,0,0,0,0,[000000]
6210,659,159,300,0,0,0,0,0,0,0,0,[000000]
6211,683,159,300,0,0,0,0,0,0,0,0,[000000]
6212,971,144,300,0,0,0,0,0,0,0,0,[000000]
6213,959,159,300,0,0,0,0,0,0,0,0,[000000]
6214,983,159,300,0,0,0,0,0,0,0,0,[000000]
6215,1271,144,300,0,0,0,0,0,0,0,0,[000000]
6216,1259,159,300,0,0,0,0,0,0,0,0,[000000]
6217,1283,159,300,0,0,0,0,0,0,0,0,[000000]
6218,1571,144,300,0,0,0,0,0,0,0,0,[000000]
6219,1559,159,300,0,0,0,0,0,0,0,0,[000000]
6220,71,144,600,0,0,0,0,0,0,0,0,[000000]
6221,83,159,600,0,0,0,0,0,0,0,0,[000000]
6222,371,144,600,0,0,0,0,0,0,0,0,[000000]
6223,359,159,600,0,0,0,0,0,0,0,0,[000000]
6224,383,159,600,0,0,0,0,0,0,0,0,[000000]
6225,671,144,600,0,0,0,0,0,0,0,0,[000000]
6226,659,159,600,0,0,0,0,0,0,0,0,[000000]
6227,683,159,600,0,0,0,0,0,0,0,0,[000000]
6228,971,144,600,0,0,0,0,0,0,0,0,[000000]
6229,959,159,600,0,0,0,0,0,0,0,0,[000000]
6230,983,159,600,0,0,0,0,0,0,0,0,[000000]
6231,1271,144,600,0,0,0,0,0,0,0,0,[000000]
6232,1259,159,600,0,0,0,0,0,0,0,0,[000000]
6233,1283,159,600,0,0,0,0,0,0,0,0,[000000]
6234,1571,144,600,0,0,0,0,0,0,0,0,[000000]
6235,1559,159,600,0,0,0,0,0,0,0,0,[000000]
6236,71,144,900,0,0,0,0,0,0,0,0,[000000]
6237,83,159,900,0,0,0,0,0,0,0,0,[000000]
6238,371,144,900,0,0,0,0,0,0,0,0,[000000]
6239,359,159,900,0,0,0,0,0,0,0,0,[000000]
6240,383,159,900,0,0,0,0,0,0,0,0,[000000]
6241,671,144,900,0,0,0,0,0,0,0,0,[000000]
6242,659,159,900,0,0,0,0,0,0,0,0,[000000]
6243,683,159,900,0,0,0,0,0,0,0,0,[000000]
6244,971,144,900,0,0,0,0,0,0,0,0,[000000]
6245,959,159,900,0,0,0,0,0,0,0,0,[000000]
6246,983,159,900,0,0,0,0,0,0,0,0,[000000]
6247,1271,144,900,0,0,0,0,0,0,0,0,[000000]
6248,1259,159,900,0,0,0,0,0,0,0,0,[000000]
6249,1283,159,900,0,0,0,0,0,0,0,0,[000000]
6250,1571,144,900,0,0,0,0,0,0,0,0,[000000]
6251,1559,159,900,0,0,0,0,0,0,0,0,[000000]
6252,71,282,0,0,0,0,0,0,0,0,0,[000000]
6253,80,309,0,0,0,0,0,0,0,0,0,[000000]
6254,371,282,0,0,0,0,0,0,0,0,0,[000000]
6255,362,309,0,0,0,0,0,0,0,0,0,[000000]
6256,380,309,0,0,0,0,0,0,0,0,0,[000000]
6257,671,282,0,0,0,0,0,0,0,0,0,[000000]
6258,662,309,0,0,0,0,0,0,0,0,0,[000000]
6259,680,309,0,0,0,0,0,0,0,0,0,[000000]
6260,971,282,0,0,0,0,0,0,0,0,0,[000000]
6261,962,309,0,0,0,0,0,0,0,0,0,[000000]
6262,980,309,0,0,0,0,0,0,0,0,0,[000000]
6263,1271,282,0,0,0,0,0,0,0,0,0,[000000]
6264,1262,309,0,0,0,0,0,0,0,0,0,[000000]
6265,1280,309,0,0,0,0,0,0,0,0,0,[000000]
6266,1571,282,0,0,0,0,0,0,0,0,0,[000000]
6267,1562,309,0,0,0,0,0,0,0,0,0,[000000]
6268,71,306,300,0,0,0,0,0,0,0,0,[000000]
6269,83,321,300,0,0,0,0,0,0,0,0,[000000]
6270,371,306,300,0,0,0,0,0,0,0,0,[000000]
6271,359,321,300,0,0,0,0,0,0,0,0,[000000]
6272,383,321,300,0,0,0,0,0,0,0,0,[000000]
6273,671,306,300,0,0,0,0,0,0,0,0,[000000]
6274,659,321,300,0,0,0,0,0,0,0,0,[000000]
6275,683,321,300,0,0,0,0,0,0,0,0,[000000]
6276,971,306,300,0,0,0,0,0,0,0,0,[000000]
6277,959,321,300,0,0,0,0,0,0,0,0,[000000]
6278,983,321,300,0,0,0,0,0,0,0,0,[000000]
6279,1271,306,300,0,0,0,0,0,0,0,0,[000000]
6280,1259,321,300,0,0,0,0,0,0,0,0,[000000]
6281,1283,321,300,0,0,0,0,0,0,0,0,[000000]
6282,1571,306,300,0,0,0,0,0,0,0,0,[000000]
6283,1559,321,300,0,0,0,0,0,0,0,0,[000000]
6284,71,306,600,0,0,0,0,0,0,0,0,[000000]
6285,83,321,600,0,0,0,0,0,0,0,0,[000000]
6286,371,306,600,0,0,0,0,0,0,0,0,[000000]
6287,359,321,600,0,0,0,0,0,0,0,0,[000000]
6288,383,321,600,0,0,0,0,0,0,0,0,[000000]
6289,671,306,600,0,0,0,0,0,0,0,0,[000000]
6290,659,321,600,0,0,0,0,0,0,0,0,[000000]
6291,683,321,600,0,0,0,0,0,0,0,0,[000000]
6292,971,306,600,0,0,0,0,0,0,0,0,[000000]
6293,959,321,600,0,0,0,0,0,0,0,0,[000000]
6294,983,321,600,0,0,0,0,0,0,0,0,[000000]
6295,1271,306,600,0,0,0,0,0,0,0,0,[000000]
6296,1259,321,600,0,0,0,0,0,0,0,0,[000000]
6297,1283,321,600,0,0,0,0,0,0,0,0,[000000]
6298,1571,306,600,0,0,0,0,0,0,0,0,[000000]
6299,1559,321,600,0,0,0,0,0,0,0,0,[000000]
6300,71,282,900,0,0,0,0,0,0,0,0,[000000]
6301,80,309,900,0,0,0,0,0,0,0,0,[000000]
6302,371,282,900,0,0,0,0,0,0,0,0,[000000]
6303,362,309,900,0,0,0,0,0,0,0,0,[000000]
6304,380,309,900,0,0,0,0,0,0,0,0,[000000]
6305,671,282,900,0,0,0,0,0,0,0,0,[000000]
6306,662,309,900,0,0,0,0,0,0,0,0,[000000]
6307,680,309,900,0,0,0,0,0,0,0,0,[000000]
6308,971,282,900,0,0,0,0,0,0,0,0,[000000]
6309,962,309,900,0,0,0,0,0,0,0,0,[000000]
6310,980,309,900,0,0,0,0,0,0,0,0,[000000]
6311,1271,282,900,0,0,0,0,0,0,0,0,[000000]
6312,1262,309,900,0,0,0,0,0,0,0,0,[000000]
6313,1280,309,900,0,0,0,0,0,0,0,0,[000000]
6314,1571,282,900,0,0,0,0,0,0,0,0,[000000]
6315,1562,309,900,0,0,0,0,0,0,0,0,[000000]
6316,71,444,0,0,0,0,0,0,0,0,0,[000000]
6317,80,471,0,0,0,0,0,0,0,0,0,[000000]
6318,371,444,0,0,0,0,0,0,0,0,0,[000000]
6319,362,471,0,0,0,0,0,0,0,0,0,[000000]
6320,380,471,0,0,0,0,0,0,0,0,0,[000000]
6321,671,444,0,0,0,0,0,0,0,0,0,[000000]
6322,662,471,0,0,0,0,0,0,0,0,0,[000000]
6323,680,471,0,0,0,0,0,0,0,0,0,[000000]
6324,971,444,0,0,0,0,0,0,0,0,0,[000000]
6325,962,471,0,0,0,0,0,0,0,0,0,[000000]
6326,980,471,0,0,0,0,0,0,0,0,0,[000000]
6327,1271,444,0,0,0,0,0,0,0,0,0,[000000]
6328,1262,471,0,0,0,0,0,0,0,0,0,[000000]
6329,1280,471,0,0,0,0,0,0,0,0,0,[000000]
6330,1571,444,0,0,0,0,0,0,0,0,0,[000000]
6331,1562,471,0,0,0,0,0,0,0,0,0,[000000]
6332,71,468,300,0,0,0,0,0,0,0,0,[000000]
6333,83,483,300,0,0,0,0,0,0,0,0,[000000]
6334,371,468,300,0,0,0,0,0,0,0,0,[000000]
6335,359,483,300,0,0,0,0,0,0,0,0,[000000]
6336,383,483,300,0,0,0,0,0,0,0,0,[000000]
6337,671,468,300,0,0,0,0,0,0,0,0,[000000]
6338,659,483,300,0,0,0,0,0,0,0,0,[000000]
6339,683,483,300,0,0,0,0,0,0,0,0,[000000]
6340,971,468,300,0,0,0,0,0,0,0,0,[000000]
6341,959,483,300,0,0,0,0,0,0,0,0,[000000]
6342,983,483,300,0,0,0,0,0,0,0,0,[000000]
6343,1271,468,300,0,0,0,0,0,0,0,0,[000000]
6344,1259,483,300,0,0,0,0,0,0,0,0,[000000]
6345,1283,483,300,0,0,0,0,0,0,0,0,[000000]
6346,1571,468,300,0,0,0,0,0,0,0,0,[000000]
6347,1559,483,300,0,0,0,0,0,0,0,0,[000000]
6348,71,468,600,0,0,0,0,0,0,0,0,[000000]
6349,83,483,600,0,0,0,0,0,0,0,0,[000000]
6350,371,468,600,0,0,0,0,0,0,0,0,[000000]
6351,359,483,600,0,0,0,0,0,0,0,0,[000000]
6352,383,483,600,0,0,0,0,0,0,0,0,[000000]
6353,671,468,600,0,0,0,0,0,0,0,0,[000000]
6354,659,483,600,0,0,0,0,0,0,0,0,[000000]
6355,683,483,600,0,0,0,0,0,0,0,0,[000000]
6356,971,468,600,0,0,0,0,0,0,0,0,[000000]
6357,959,483,600,0,0,0,0,0,0,0,0,[000000]
6358,983,483,600,0,0,0,0,0,0,0,0,[000000]
6359,1271,468,600,0,0,0,0,0,0,0,0,[000000]
6360,1259,483,600,0,0,0,0,0,0,0,0,[000000]
6361,1283,483,600,0,0,0,0,0,0,0,0,[000000]
6362,1571,468,600,0,0,0,0,0,0,0,0,[000000]
6363,1559,483,600,0,0,0,0,0,0,0,0,[000000]
6364,71,444,900,0,0,0,0,0,0,0,0,[000000]
6365,80,471,900,0,0,0,0,0,0,0,0,[000000]
6366,371,444,900,0,0,0,0,0,0,0,0,[000000]
6367,362,471,900,0,0,0,0,0,0,0,0,[000000]
6368,380,471,900,0,0,0,0,0,0,0,0,[000000]
6369,671,444,900,0,0,0,0,0,0,0,0,[000000]
6370,662,471,900,0,0,0,0,0,0,0,0,[000000]
6371,680,471,900,0,0,0,0,0,0,0,0,[000000]
6372,971,444,900,0,0,0,0,0,0,0,0,[000000]
6373,962,471,900,0,0,0,0,0,0,0,0,[000000]
6374,980,471,900,0,0,0,0,0,0,0,0,[000000]
6375,1271,444,900,0,0,0,0,0,0,0,0,[000000]
6376,1262,471,900,0,0,0,0,0,0,0,0,[000000]
6377,1280,471,900,0,0,0,0,0,0,0,0,[000000]
6378,1571,444,900,0,0,0,0,0,0,0,0,[000000]
6379,1562,471,900,0,0,0,0,0,0,0,0,[000000]
6380,71,606,0,0,0,0,0,0,0,0,0,[000000]
6381,80,633,0,0,0,0,0,0,0,0,0,[000000]
6382,371,606,0,0,0,0,0,0,0,0,0,[000000]
6383,362,633,0,0,0,0,0,0,0,0,0,[000000]
6384,380,633,0,0,0,0,0,0,0,0,0,[000000]
6385,671,606,0,0,0,0,0,0,0,0,0,[000000]
6386,662,633,0,0,0,0,0,0,0,0,0,[000000]
6387,680,633,0,0,0,0,0,0,0,0,0,[000000]
6388,971,606,0,0,0,0,0,0,0,0,0,[000000]
6389,962,633,0,0,0,0,0,0,0,0,0,[000000]
6390,980,633,0,0,0,0,0,0,0,0,0,[000000]
6391,1271,606,0,0,0,0,0,0,0,0,0,[000000]
6392,1262,633,0,0,0,0,0,0,0,0,0,[000000]
6393,1280,633,0,0,0,0,0,0,0,0,0,[000000]
6394,1571,606,0,0,0,0,0,0,0,0,0,[000000]
6395,1562,633,0,0,0,0,0,0,0,0,0,[000000]
6396,71,630,300,0,0,0,0,0,0,0,0,[000000]
6397,83,645,300,0,0,0,0,0,0,0,0,[000000]
6398,371,630,300,0,0,0,0,0,0,0,0,[000000]
6399,359,645,300,0,0,0,0,0,0,0,0,[000000]
6400,383,645,300,0,0,0,0,0,0,0,0,[000000]
6401,671,630,300,0,0,0,0,0,0,0,0,[000000]
6402,659,645,300,0,0,0,0,0,0,0,0,[000000]
6403,683,645,300,0,0,0,0,0,0,0,0,[000000]
6404,971,630,300,0,0,0,0,0,0,0,0,[000000]
6405,959,645,300,0,0,0,0,0,0,0,0,[000000]
6406,983,645,300,0,0,0,0,0,0,0,0,[000000]
6407,1271,630,300,0,0,0,0,0,0,0,0,[000000]
6408,1259,645,300,0,0,0,0,0,0,0,0,[000000]
6409,1283,645,300,0,0,0,0,0,0,0,0,[000000]
6410,1571,630,300,0,0,0,0,0,0,0,0,[000000]
6411,1559,645,300,0,0,0,0,0,0,0,0,[000000]
6412,71,630,600,0,0,0,0,0,0,0,0,[000000]
6413,83,645,600,0,0,0,0,0,0,0,0,[000000]
6414,371,630,600,0,0,0,0,0,0,0,0,[000000]
6415,359,645,600,0,0,0,0,0,0,0,0,[000000]
6416,383,645,600,0,0,0,0,0,0,0,0,[000000]
6417,671,630,600,0,0,0,0,0,0,0,0,[000000]
6418,659,645,600,0,0,0,0,0,0,0,0,[000000]
6419,683,645,600,0,0,0,0,0,0,0,0,[000000]
6420,971,630,600,0,0,0,0,0,0,0,0,[000000]
6421,959,645,600,0,0,0,0,0,0,0,0,[000000]
6422,983,645,600,0,0,0,0,0,0,0,0,[000000]
6423,1271,630,600,0,0,0,0,0,0,0,0,[000000]
6424,1259,645,600,0,0,0,0,0,0,0,0,[000000]
6425,1283,645,600,0,0,0,0,0,0,0,0,[000000]
6426,1571,630,600,0,0,0,0,0,0,0,0,[000000]
6427,1559,645,600,0,0,0,0,0,0,0,0,[000000]
6428,71,606,900,0,0,0,0,0,0,0,0,[000000]
6429,80,633,900,0,0,0,0,0,0,0,0,[000000]
6430,371,606,900,0,0,0,0,0,0,0,0,[000000]
6431,362,633,900,0,0,0,0,0,0,0,0,[000000]
6432,380,633,900,0,0,0,0,0,0,0,0,[000000]
6433,671,606,900,0,0,0,0,0,0,0,0,[000000]
6434,662,633,900,0,0,0,0,0,0,0,0,[000000]
6435,680,633,900,0,0,0,0,0,0,0,0,[000000]
6436,971,606,900,0,0,0,0,0,0,0,0,[000000]
6437,962,633,900,0,0,0,0,0,0,0,0,[000000]
6438,980,633,900,0,0,0,0,0,0,0,0,[000000]
6439,1271,606,900,0,0,0,0,0,0,0,0,[000000]
6440,1262,633,900,0,0,0,0,0,0,0,0,[000000]
6441,1280,633,900,0,0,0,0,0,0,0,0,[000000]
6442,1571,606,900,0,0,0,0,0,0,0,0,[000000]
6443,1562,633,900,0,0,0,0,0,0,0,0,[000000]
6444,71,768,0,0,0,0,0,0,0,0,0,[000000]
6445,80,795,0,0,0,0,0,0,0,0,0,[000000]
6446,371,768,0,0,0,0,0,0,0,0,0,[000000]
6447,362,795,0,0,0,0,0,0,0,0,0,[000000]
6448,380,795,0,0,0,0,0,0,0,0,0,[000000]
6449,671,768,0,0,0,0,0,0,0,0,0,[000000]
6450,662,795,0,0,0,0,0,0,0,0,0,[000000]
6451,680,795,0,0,0,0,0,0,0,0,0,[000000]
6452,971,768,0,0,0,0,0,0,0,0,0,[000000]
6453,962,795,0,0,0,0,0,0,0,0,0,[000000]
6454,980,795,0,0,0,0,0,0,0,0,0,[000000]
6455,1271,768,0,0,0,0,0,0,0,0,0,[000000]
6456,1262,795,0,0,0,0,0,0,0,0,0,[000000]
6457,1280,795,0,0,0,0,0,0,0,0,0,[000000]
6458,1571,768,0,0,0,0,0,0,0,0,0,[000000]
6459,1562,795,0,0,0,0,0,0,0,0,0,[000000]
6460,71,792,300,0,0,0,0,0,0,0,0,[000000]
6461,83,807,300,0,0,0,0,0,0,0,0,[000000]
6462,371,792,300,0,0,0,0,0,0,0,0,[000000]
6463,359,807,300,0,0,0,0,0,0,0,0,[000000]
6464,383,807,300,0,0,0,0,0,0,0,0,[000000]
6465,671,792,300,0,0,0,0,0,0,0,0,[000000]
6466,659,807,300,0,0,0,0,0,0,0,0,[000000]
6467,683,807,300,0,0,0,0,0,0,0,0,[000000]
6468,971,792,300,0,0,0,0,0,0,0,0,[000000]
6469,959,807,300,0,0,0,0,0,0,0,0,[000000]
6470,983,807,300,0,0,0,0,0,0,0,0,[000000]
6471,1271,792,300,0,0,0,0,0,0,0,0,[000000]
6472,1259,807,300,0,0,0,0,0,0,0,0,[000000]
6473,1283,807,300,0,0,0,0,0,0,0,0,[000000]
6474,1571,792,300,0,0,0,0,0,0,0,0,[000000]
6475,1559,807,300,0,0,0,0,0,0,0,0,[000000]
6476,71,792,600,0,0,0,0,0,0,0,0,[000000]
6477,83,807,600,0,0,0,0,0,0,0,0,[000000]
6478,371,792,600,0,0,0,0,0,0,0,0,[000000]
6479,359,807,600,0,0,0,0,0,0,0,0,[000000]
6480,383,807,600,0,0,0,0,0,0,0,0,[000000]
6481,671,792,600,0,0,0,0,0,0,0,0,[000000]
6482,659,807,600,0,0,0,0,0,0,0,0,[000000]
6483,683,807,600,0,0,0,0,0,0,0,0,[000000]
6484,971,792,600,0,0,0,0,0,0,0,0,[000000]
6485,959,807,600,0,0,0,0,0,0,0,0,[000000]
6486,983,807,600,0,0,0,0,0,0,0,0,[000000]
6487,1271,792,600,0,0,0,0,0,0,0,0,[000000]
6488,1259,807,600,0,0,0,0,0,0,0,0,[000000]
6489,1283,807,600,0,0,0,0,0,0,0,0,[000000]
6490,1571,792,600,0,0,0,0,0,0,0,0,[000000]
6491,1559,807,600,0,0,0,0,0,0,0,0,[000000]
6492,71,768,900,0,0,0,0,0,0,0,0,[000000]
6493,80,795,900,0,0,0,0,0,0,0,0,[000000]
6494,371,768,900,0,0,0,0,0,0,0,0,[000000]
6495,362,795,900,0,0,0,0,0,0,0,0,[000000]
6496,380,795,900,0,0,0,0,0,0,0,0,[000000]
6497,671,768,900,0,0,0,0,0,0,0,0,[000000]
6498,662,795,900,0,0,0,0,0,0,0,0,[000000]
6499,680,795,900,0,0,0,0,0,0,0,0,[000000]
6500,971,768,900,0,0,0,0,0,0,0,0,[000000]
6501,962,795,900,0,0,0,0,0,0,0,0,[000000]
6502,980,795,900,0,0,0,0,0,0,0,0,[000000]
6503,1271,768,900,0,0,0,0,0,0,0,0,[000000]
6504,1262,795,900,0,0,0,0,0,0,0,0,[000000]
6505,1280,795,900,0,0,0,0,0,0,0,0,[000000]
6506,1571,768,900,0,0,0,0,0,0,0,0,[000000]
6507,1562,795,900,0,0,0,0,0,0,0,0,[000000]
6508,71,930,0,0,0,0,0,0,0,0,0,[000000]
6509,80,955,0,0,0,0,0,0,0,0,0,[000000]
6510,371,930,0,0,0,0,0,0,0,0,0,[000000]
6511,362,955,0,0,0,0,0,0,0,0,0,[000000]
6512,380,955,0,0,0,0,0,0,0,0,0,[000000]
6513,671,930,0,0,0,0,0,0,0,0,0,[000000]
6514,662,955,0,0,0,0,0,0,0,0,0,[000000]
6515,680,955,0,0,0,0,0,0,0,0,0,[000000]
6516,971,930,0,0,0,0,0,0,0,0,0,[000000]
6517,962,955,0,0,0,0,0,0,0,0,0,[000000]
6518,980,955,0,0,0,0,0,0,0,0,0,[000000]
6519,1271,930,0,0,0,0,0,0,0,0,0,[000000]
6520,1262,955,0,0,0,0,0,0,0,0,0,[000000]
6521,1280,955,0,0,0,0,0,0,0,0,0,[000000]
6522,1571,930,0,0,0,0,0,0,0,0,0,[000000]
6523,1562,955,0,0,0,0,0,0,0,0,0,[000000]
6524,71,950,300,0,0,0,0,0,0,0,0,[000000]
6525,83,965,300,0,0,0,0,0,0,0,0,[000000]
6526,371,950,300,0,0,0,0,0,0,0,0,[000000]
6527,359,965,300,0,0,0,0,0,0,0,0,[000000]
6528,383,965,300,0,0,0,0,0,0,0,0,[000000]
6529,671,950,300,0,0,0,0,0,0,0,0,[000000]
6530,659,965,300,0,0,0,0,0,0,0,0,[000000]
6531,683,965,300,0,0,0,0,0,0,0,0,[000000]
6532,971,950,300,0,0,0,0,0,0,0,0,[000000]
6533,959,965,300,0,0,0,0,0,0,0,0,[000000]
6534,983,965,300,0,0,0,0,0,0,0,0,[000000]
6535,1271,950,300,0,0,0,0,0,0,0,0,[000000]
6536,1259,965,300,0,0,0,0,0,0,0,0,[000000]
6537,1283,965,300,0,0,0,0,0,0,0,0,[000000]
6538,1571,950,300,0,0,0,0,0,0,0,0,[000000]
6539,1559,965,300,0,0,0,0,0,0,0,0,[000000]
6540,71,950,600,0,0,0,0,0,0,0,0,[000000]
6541,83,965,600,0,0,0,0,0,0,0,0,[000000]
6542,371,950,600,0,0,0,0,0,0,0,0,[000000]
6543,359,965,600,0,0,0,0,0,0,0,0,[000000]
6544,383,965,600,0,0,0,0,0,0,0,0,[000000]
6545,671,950,600,0,0,0,0,0,0,0,0,[000000]
6546,659,965,600,0,0,0,0,0,0,0,0,[000000]
6547,683,965,600,0,0,0,0,0,0,0,0,[000000]
6548,971,950,600,0,0,0,0,0,0,0,0,[000000]
6549,959,965,600,0,0,0,0,0,0,0,0,[000000]
6550,983,965,600,0,0,0,0,0,0,0,0,[000000]
6551,1271,950,600,0,0,0,0,0,0,0,0,[000000]
6552,1259,965,600,0,0,0,0,0,0,0,0,[000000]
6553,1283,965,600,0,0,0,0,0,0,0,0,[000000]
6554,1571,950,600,0,0,0,0,0,0,0,0,[000000]
6555,1559,965,600,0,0,0,0,0,0,0,0,[000000]
6556,71,930,900,0,0,0,0,0,0,0,0,[000000]
6557,80,955,900,0,0,0,0,0,0,0,0,[000000]
6558,371,930,900,0,0,0,0,0,0,0,0,[000000]
6559,362,955,900,0,0,0,0,0,0,0,0,[000000]
6560,380,955,900,0,0,0,0,0,0,0,0,[000000]
6561,671,930,900,0,0,0,0,0,0,0,0,[000000]
6562,662,955,900,0,0,0,0,0,0,0,0,[000000]
6563,680,955,900,0,0,0,0,0,0,0,0,[000000]
6564,971,930,900,0,0,0,0,0,0,0,0,[000000]
6565,962,955,900,0,0,0,0,0,0,0,0,[000000]
6566,980,955,900,0,0,0,0,0,0,0,0,[000000]
6567,1271,930,900,0,0,0,0,0,0,0,0,[000000]
6568,1262,955,900,0,0,0,0,0,0,0,0,[000000]
6569,1280,955,900,0,0,0,0,0,0,0,0,[000000]
6570,1571,930,900,0,0,0,0,0,0,0,0,[000000]
6571,1562,955,900,0,0,0,0,0,0,0,0,[000000]
6572,0,174,0,0,0,1,0,0,1,0,0,[000000]
6573,0,174,300,0,0,1,0,0,1,0,0,[000000]
6574,0,174,600,0,0,1,0,0,1,0,0,[000000]
6575,0,174,900,0,0,1,0,0,1,0,0,[000000]
6576,1642,174,0,0,0,1,0,0,1,0,0,[000000]
6577,1642,174,300,0,0,1,0,0,1,0,0,[000000]
6578,1642,174,600,0,0,1,0,0,1,0,0,[000000]
6579,1642,174,900,0,0,1,0,0,1,0,0,[000000]
6580,0,336,0,0,0,1,0,0,2,0,0,[000000]
6581,0,336,300,0,0,1,0,0,2,0,0,[000000]
6582,0,336,600,0,0,1,0,0,2,0,0,[000000]
6583,0,336,900,0,0,1,0,0,2,0,0,[000000]
6584,1642,336,0,0,0,1,0,0,2,0,0,[000000]
6585,1642,336,300,0,0,1,0,0,2,0,0,[000000]
6586,1642,336,600,0,0,1,0,0,2,0,0,[000000]
6587,1642,336,900,0,0,1,0,0,2,0,0,[000000]
6588,0,498,0,0,0,1,0,0,3,0,0,[000000]
6589,0,498,300,0,0,1,0,0,3,0,0,[000000]
6590,0,498,600,0,0,1,0,0,3,0,0,[000000]
6591,0,498,900,0,0,1,0,0,3,0,0,[000000]
6592,1642,498,0,0,0,1,0,0,3,0,0,[000000]
6593,1642,498,300,0,0,1,0,0,3,0,0,[000000]
6594,1642,498,600,0,0,1,0,0,3,0,0,[000000]
6595,1642,498,900,0,0,1,0,0,3,0,0,[000000]
6596,0,660,0,0,0,1,0,0,4,0,0,[000000]
6597,0,660,300,0,0,1,0,0,4,0,0,[000000]
6598,0,660,600,0,0,1,0,0,4,0,0,[000000]
6599,0,660,900,0,0,1,0,0,4,0,0,[000000]
6600,1642,660,0,0,0,1,0,0,4,0,0,[000000]
6601,1642,660,300,0,0,1,0,0,4,0,0,[000000]
6602,1642,660,600,0,0,1,0,0,4,0,0,[000000]
6603,1642,660,900,0,0,1,0,0,4,0,0,[000000]
6604,0,822,0,0,0,1,0,0,5,0,0,[000000]
6605,0,822,300,0,0,1,0,0,5,0,0,[000000]
6606,0,822,600,0,0,1,0,0,5,0,0,[000000]
6607,0,822,900,0,0,1,0,0,5,0,0,[000000]
6608,1642,822,0,0,0,1,0,0,5,0,0,[000000]
6609,1642,822,300,0,0,1,0,0,5,0,0,[000000]
6610,1642,822,600,0,0,1,0,0,5,0,0,[000000]
6611,1642,822,900,0,0,1,0,0,5,0,0,[000000]
6612,0,980,0,0,0,1,0,0,6,0,0,[000000]
6613,0,980,300,0,0,1,0,0,6,0,0,[000000]
6614,0,980,600,0,0,1,0,0,6,0,0,[000000]
6615,0,980,900,0,0,1,0,0,6,0,0,[000000]
6616,1642,980,0,0,0,1,0,0,6,0,0,[000000]
6617,1642,980,300,0,0,1,0,0,6,0,0,[000000]
6618,1642,980,600,0,0,1,0,0,6,0,0,[000000]
6619,1642,980,900,0,0,1,0,0,6,0,0,[000000]
6620,71,174,0,0,0,0,0,0,0,0,1,[000000]
6621,371,174,0,0,0,0,0,0,0,0,1,[000000]
6622,671,174,0,0,0,0,0,0,0,0,1,[000000]
6623,971,174,0,0,0,0,0,0,0,0,1,[000000]
6624,1271,174,0,0,0,0,0,0,0,0,1,[000000]
6625,1571,174,0,0,0,0,0,0,0,0,1,[000000]
6626,71,174,300,0,0,0,0,0,0,0,1,[000000]
6627,371,174,300,0,0,0,0,0,0,0,1,[000000]
6628,671,174,300,0,0,0,0,0,0,0,1,[000000]
6629,971,174,300,0,0,0,0,0,0,0,1,[000000]
6630,1271,174,300,0,0,0,0,0,0,0,1,[000000]
6631,1571,174,300,0,0,0,0,0,0,0,1,[000000]
6632,71,174,600,0,0,0,0,0,0,0,1,[000000]
6633,371,174,600,0,0,0,0,0,0,0,1,[000000]
6634,671,174,600,0,0,0,0,0,0,0,1,[000000]
6635,971,174,600,0,0,0,0,0,0,0,1,[000000]
6636,1271,174,600,0,0,0,0,0,0,0,1,[000000]
6637,1571,174,600,0,0,0,0,0,0,0,1,[000000]
6638,71,174,900,0,0,0,0,0,0,0,1,[000000]
6639,371,174,900,0,0,0,0,0,0,0,1,[000000]
6640,671,174,900,0,0,0,0,0,0,0,1,[000000]
6641,971,174,900,0,0,0,0,0,0,0,1,[000000]
6642,1271,174,900,0,0,0,0,0,0,0,1,[000000]
6643,1571,174,900,0,0,0,0,0,0,0,1,[000000]
6644,71,174,450,0,0,0,0,0,0,0,1,[000000]
6645,671,174,450,0,0,0,0,0,0,0,1,[000000]
6646,971,174,450,0,0,0,0,0,0,0,1,[000000]
6647,1271,174,450,0,0,0,0,0,0,0,1,[000000]
6648,0,174,450,0,0,0,0,0,0,0,1,[000000]
6649,1642,174,450,0,0,0,0,0,0,0,1,[000000]
6650,0,174,0,0,0,0,0,0,0,0,1,[000000]
6651,0,174,300,0,0,0,0,0,0,0,1,[000000]
6652,0,174,600,0,0,0,0,0,0,0,1,[000000]
6653,0,174,900,0,0,0,0,0,0,0,1,[000000]
6654,1642,174,0,0,0,0,0,0,0,0,1,[000000]
6655,1642,174,300,0,0,0,0,0,0,0,1,[000000]
6656,1642,174,600,0,0,0,0,0,0,0,1,[000000]
6657,1642,174,900,0,0,0,0,0,0,0,1,[000000]
6658,71,336,0,0,0,0,0,0,0,0,2,[000000]
6659,371,336,0,0,0,0,0,0,0,0,2,[000000]
6660,671,336,0,0,0,0,0,0,0,0,2,[000000]
6661,971,336,0,0,0,0,0,0,0,0,2,[000000]
6662,1271,336,0,0,0,0,0,0,0,0,2,[000000]
6663,1571,336,0,0,0,0,0,0,0,0,2,[000000]
6664,71,336,300,0,0,0,0,0,0,0,2,[000000]
6665,371,336,300,0,0,0,0,0,0,0,2,[000000]
6666,671,336,300,0,0,0,0,0,0,0,2,[000000]
6667,971,336,300,0,0,0,0,0,0,0,2,[000000]
6668,1271,336,300,0,0,0,0,0,0,0,2,[000000]
6669,1571,336,300,0,0,0,0,0,0,0,2,[000000]
6670,71,336,600,0,0,0,0,0,0,0,2,[000000]
6671,371,336,600,0,0,0,0,0,0,0,2,[000000]
6672,671,336,600,0,0,0,0,0,0,0,2,[000000]
6673,971,336,600,0,0,0,0,0,0,0,2,[000000]
6674,1271,336,600,0,0,0,0,0,0,0,2,[000000]
6675,1571,336,600,0,0,0,0,0,0,0,2,[000000]
6676,71,336,900,0,0,0,0,0,0,0,2,[000000]
6677,371,336,900,0,0,0,0,0,0,0,2,[000000]
6678,671,336,900,0,0,0,0,0,0,0,2,[000000]
6679,971,336,900,0,0,0,0,0,0,0,2,[000000]
6680,1271,336,900,0,0,0,0,0,0,0,2,[000000]
6681,1571,336,900,0,0,0,0,0,0,0,2,[000000]
6682,0,336,450,0,0,0,0,0,0,0,2,[000000]
6683,1642,336,450,0,0,0,0,0,0,0,2,[000000]
6684,0,336,0,0,0,0,0,0,0,0,2,[000000]
6685,0,336,300,0,0,0,0,0,0,0,2,[000000]
6686,0,336,600,0,0,0,0,0,0,0,2,[000000]
6687,0,336,900,0,0,0,0,0,0,0,2,[000000]
6688,1642,336,0,0,0,0,0,0,0,0,2,[000000]
6689,1642,336,300,0,0,0,0,0,0,0,2,[000000]
6690,1642,336,600,0,0,0,0,0,0,0,2,[000000]
6691,1642,336,900,0,0,0,0,0,0,0,2,[000000]
6692,71,498,0,0,0,0,0,0,0,0,3,[000000]
6693,371,498,0,0,0,0,0,0,0,0,3,[000000]
6694,671,498,0,0,0,0,0,0,0,0,3,[000000]
6695,971,498,0,0,0,0,0,0,0,0,3,[000000]
6696,1271,498,0,0,0,0,0,0,0,0,3,[000000]
6697,1571,498,0,0,0,0,0,0,0,0,3,[000000]
6698,71,498,300,0,0,0,0,0,0,0,3,[000000]
6699,371,498,300,0,0,0,0,0,0,0,3,[000000]
6700,671,498,300,0,0,0,0,0,0,0,3,[000000]
6701,971,498,300,0,0,0,0,0,0,0,3,[000000]
6702,1271,498,300,0,0,0,0,0,0,0,3,[000000]
6703,1571,498,300,0,0,0,0,0,0,0,3,[000000]
6704,71,498,600,0,0,0,0,0,0,0,3,[000000]
6705,371,498,600,0,0,0,0,0,0,0,3,[000000]
6706,671,498,600,0,0,0,0,0,0,0,3,[000000]
6707,971,498,600,0,0,0,0,0,0,0,3,[000000]
6708,1271,498,600,0,0,0,0,0,0,0,3,[000000]
6709,1571,498,600,0,0,0,0,0,0,0,3,[000000]
6710,71,498,900,0,0,0,0,0,0,0,3,[000000]
6711,371,498,900,0,0,0,0,0,0,0,3,[000000]
6712,671,498,900,0,0,0,0,0,0,0,3,[000000]
6713,971,498,900,0,0,0,0,0,0,0,3,[000000]
6714,1271,498,900,0,0,0,0,0,0,0,3,[000000]
6715,1571,498,900,0,0,0,0,0,0,0,3,[000000]
6716,0,498,450,0,0,0,0,0,0,0,3,[000000]
6717,1642,498,450,0,0,0,0,0,0,0,3,[000000]
6718,0,498,0,0,0,0,0,0,0,0,3,[000000]
6719,0,498,300,0,0,0,0,0,0,0,3,[000000]
6720,0,498,600,0,0,0,0,0,0,0,3,[000000]
6721,0,498,900,0,0,0,0,0,0,0,3,[000000]
6722,1642,498,0,0,0,0,0,0,0,0,3,[000000]
6723,1642,498,300,0,0,0,0,0,0,0,3,[000000]
6724,1642,498,600,0,0,0,0,0,0,0,3,[000000]
6725,1642,498,900,0,0,0,0,0,0,0,3,[000000]
6726,71,660,0,0,0,0,0,0,0,0,4,[000000]
6727,371,660,0,0,0,0,0,0,0,0,4,[000000]
6728,671,660,0,0,0,0,0,0,0,0,4,[000000]
6729,971,660,0,0,0,0,0,0,0,0,4,[000000]
6730,1271,660,0,0,0,0,0,0,0,0,4,[000000]
6731,1571,660,0,0,0,0,0,0,0,0,4,[000000]
6732,71,660,300,0,0,0,0,0,0,0,4,[000000]
6733,371,660,300,0,0,0,0,0,0,0,4,[000000]
6734,671,660,300,0,0,0,0,0,0,0,4,[000000]
6735,971,660,300,0,0,0,0,0,0,0,4,[000000]
6736,1271,660,300,0,0,0,0,0,0,0,4,[000000]
6737,1571,660,300,0,0,0,0,0,0,0,4,[000000]
6738,71,660,600,0,0,0,0,0,0,0,4,[000000]
6739,371,660,600,0,0,0,0,0,0,0,4,[000000]
6740,671,660,600,0,0,0,0,0,0,0,4,[000000]
6741,971,660,600,0,0,0,0,0,0,0,4,[000000]
6742,1271,660,600,0,0,0,0,0,0,0,4,[000000]
6743,1571,660,600,0,0,0,0,0,0,0,4,[000000]
6744,71,660,900,0,0,0,0,0,0,0,4,[000000]
6745,371,660,900,0,0,0,0,0,0,0,4,[000000]
6746,671,660,900,0,0,0,0,0,0,0,4,[000000]
6747,971,660,900,0,0,0,0,0,0,0,4,[000000]
6748,1271,660,900,0,0,0,0,0,0,0,4,[000000]
6749,1571,660,900,0,0,0,0,0,0,0,4,[000000]
6750,0,660,450,0,0,0,0,0,0,0,4,[000000]
6751,1642,660,450,0,0,0,0,0,0,0,4,[000000]
6752,0,660,0,0,0,0,0,0,0,0,4,[000000]
6753,0,660,300,0,0,0,0,0,0,0,4,[000000]
6754,0,660,600,0,0,0,0,0,0,0,4,[000000]
6755,0,660,900,0,0,0,0,0,0,0,4,[000000]
6756,1642,660,0,0,0,0,0,0,0,0,4,[000000]
6757,1642,660,300,0,0,0,0,0,0,0,4,[000000]
6758,1642,660,600,0,0,0,0,0,0,0,4,[000000]
6759,1642,660,900,0,0,0,0,0,0,0,4,[000000]
6760,71,822,0,0,0,0,0,0,0,0,5,[000000]
6761,371,822,0,0,0,0,0,0,0,0,5,[000000]
6762,671,822,0,0,0,0,0,0,0,0,5,[000000]
6763,971,822,0,0,0,0,0,0,0,0,5,[000000]
6764,1271,822,0,0,0,0,0,0,0,0,5,[000000]
6765,1571,822,0,0,0,0,0,0,0,0,5,[000000]
6766,71,822,300,0,0,0,0,0,0,0,5,[000000]
6767,371,822,300,0,0,0,0,0,0,0,5,[000000]
6768,671,822,300,0,0,0,0,0,0,0,5,[000000]
6769,971,822,300,0,0,0,0,0,0,0,5,[000000]
6770,1271,822,300,0,0,0,0,0,0,0,5,[000000]
6771,1571,822,300,0,0,0,0,0,0,0,5,[000000]
6772,71,822,600,0,0,0,0,0,0,0,5,[000000]
6773,371,822,600,0,0,0,0,0,0,0,5,[000000]
6774,671,822,600,0,0,0,0,0,0,0,5,[000000]
6775,971,822,600,0,0,0,0,0,0,0,5,[000000]
6776,1271,822,600,0,0,0,0,0,0,0,5,[000000]
6777,1571,822,600,0,0,0,0,0,0,0,5,[000000]
6778,71,822,900,0,0,0,0,0,0,0,5,[000000]
6779,371,822,900,0,0,0,0,0,0,0,5,[000000]
6780,671,822,900,0,0,0,0,0,0,0,5,[000000]
6781,971,822,900,0,0,0,0,0,0,0,5,[000000]
6782,1271,822,900,0,0,0,0,0,0,0,5,[000000]
6783,1571,822,900,0,0,0,0,0,0,0,5,[000000]
6784,0,822,450,0,0,0,0,0,0,0,5,[000000]
6785,1642,822,450,0,0,0,0,0,0,0,5,[000000]
6786,0,822,0,0,0,0,0,0,0,0,5,[000000]
6787,0,822,300,0,0,0,0,0,0,0,5,[000000]
6788,0,822,600,0,0,0,0,0,0,0,5,[000000]
6789,0,822,900,0,0,0,0,0,0,0,5,[000000]
6790,1642,822,0,0,0,0,0,0,0,0,5,[000000]
6791,1642,822,300,0,0,0,0,0,0,0,5,[000000]
6792,1642,822,600,0,0,0,0,0,0,0,5,[000000]
6793,1642,822,900,0,0,0,0,0,0,0,5,[000000]
6794,71,980,0,0,0,0,0,0,0,0,6,[000000]
6795,371,980,0,0,0,0,0,0,0,0,6,[000000]
6796,671,980,0,0,0,0,0,0,0,0,6,[000000]
6797,971,980,0,0,0,0,0,0,0,0,6,[000000]
6798,1271,980,0,0,0,0,0,0,0,0,6,[000000]
6799,1571,980,0,0,0,0,0,0,0,0,6,[000000]
6800,71,980,300,0,0,0,0,0,0,0,6,[000000]
6801,371,980,300,0,0,0,0,0,0,0,6,[000000]
6802,671,980,300,0,0,0,0,0,0,0,6,[000000]
6803,971,980,300,0,0,0,0,0,0,0,6,[000000]
6804,1271,980,300,0,0,0,0,0,0,0,6,[000000]
6805,1571,980,300,0,0,0,0,0,0,0,6,[000000]
6806,71,980,600,0,0,0,0,0,0,0,6,[000000]
6807,371,980,600,0,0,0,0,0,0,0,6,[000000]
6808,671,980,600,0,0,0,0,0,0,0,6,[000000]
6809,971,980,600,0,0,0,0,0,0,0,6,[000000]
6810,1271,980,600,0,0,0,0,0,0,0,6,[000000]
6811,1571,980,600,0,0,0,0,0,0,0,6,[000000]
6812,71,980,900,0,0,0,0,0,0,0,6,[000000]
6813,371,980,900,0,0,0,0,0,0,0,6,[000000]
6814,671,980,900,0,0,0,0,0,0,0,6,[000000]
6815,971,980,900,0,0,0,0,0,0,0,6,[000000]
6816,1271,980,900,0,0,0,0,0,0,0,6,[000000]
6817,1571,980,900,0,0,0,0,0,0,0,6,[000000]
6818,0,980,450,0,0,0,0,0,0,0,6,[000000]
6819,1642,980,450,0,0,0,0,0,0,0,6,[000000]
6820,0,980,0,0,0,0,0,0,0,0,6,[000000]
6821,0,980,300,0,0,0,0,0,0,0,6,[000000]
6822,0,980,600,0,0,0,0,0,0,0,6,[000000]
6823,0,980,900,0,0,0,0,0,0,0,6,[000000]
6824,1642,980,0,0,0,0,0,0,0,0,6,[000000]
6825,1642,980,300,0,0,0,0,0,0,0,6,[000000]
6826,1642,980,600,0,0,0,0,0,0,0,6,[000000]
6827,1642,980,900,0,0,0,0,0,0,0,6,[000000]
6828,71,0,0,0,0,0,0,0,0,0,0,[000000]
6829,71,144,0,0,0,0,0,0,0,0,0,[000000]
6830,83,159,0,0,0,0,0,0,0,0,0,[000000]
6831,359,159,0,0,0,0,0,0,0,0,0,[000000]
6832,371,0,0,0,0,0,0,0,0,0,0,[000000]
6833,371,144,0,0,0,0,0,0,0,0,0,[000000]
6834,383,159,0,0,0,0,0,0,0,0,0,[000000]
6835,659,159,0,0,0,0,0,0,0,0,0,[000000]
6836,671,0,0,0,0,0,0,0,0,0,0,[000000]
6837,671,144,0,0,0,0,0,0,0,0,0,[000000]
6838,683,159,0,0,0,0,0,0,0,0,0,[000000]
6839,959,159,0,0,0,0,0,0,0,0,0,[000000]
6840,971,0,0,0,0,0,0,0,0,0,0,[000000]
6841,971,144,0,0,0,0,0,0,0,0,0,[000000]
6842,983,159,0,0,0,0,0,0,0,0,0,[000000]
6843,1259,159,0,0,0,0,0,0,0,0,0,[000000]
6844,1271,0,0,0,0,0,0,0,0,0,0,[000000]
6845,1271,144,0,0,0,0,0,0,0,0,0,[000000]
6846,1283,159,0,0,0,0,0,0,0,0,0,[000000]
6847,1559,159,0,0,0,0,0,0,0,0,0,[000000]
6848,1571,0,0,0,0,0,0,0,0,0,0,[000000]
6849,1571,144,0,0,0,0,0,0,0,0,0,[000000]
6850,71,0,300,0,0,0,0,0,0,0,0,[000000]
6851,71,144,300,0,0,0,0,0,0,0,0,[000000]
6852,83,159,300,0,0,0,0,0,0,0,0,[000000]
6853,359,159,300,0,0,0,0,0,0,0,0,[000000]
6854,371,0,300,0,0,0,0,0,0,0,0,[000000]
6855,371,144,300,0,0,0,0,0,0,0,0,[000000]
6856,383,159,300,0,0,0,0,0,0,0,0,[000000]
6857,659,159,300,0,0,0,0,0,0,0,0,[000000]
6858,671,0,300,0,0,0,0,0,0,0,0,[000000]
6859,671,144,300,0,0,0,0,0,0,0,0,[000000]
6860,683,159,300,0,0,0,0,0,0,0,0,[000000]
6861,959,159,300,0,0,0,0,0,0,0,0,[000000]
6862,971,0,300,0,0,0,0,0,0,0,0,[000000]
6863,971,144,300,0,0,0,0,0,0,0,0,[000000]
6864,983,159,300,0,0,0,0,0,0,0,0,[000000]
6865,1259,159,300,0,0,0,0,0,0,0,0,[000000]
6866,1271,0,300,0,0,0,0,0,0,0,0,[000000]
6867,1271,144,300,0,0,0,0,0,0,0,0,[000000]
6868,1283,159,300,0,0,0,0,0,0,0,0,[000000]
6869,1559,159,300,0,0,0,0,0,0,0,0,[000000]
6870,1571,0,300,0,0,0,0,0,0,0,0,[000000]
6871,1571,144,300,0,0,0,0,0,0,0,0,[000000]
6872,71,0,600,0,0,0,0,0,0,0,0,[000000]
6873,71,144,600,0,0,0,0,0,0,0,0,[000000]
6874,83,159,600,0,0,0,0,0,0,0,0,[000000]
6875,359,159,600,0,0,0,0,0,0,0,0,[000000]
6876,371,0,600,0,0,0,0,0,0,0,0,[000000]
6877,371,144,600,0,0,0,0,0,0,0,0,[000000]
6878,383,159,600,0,0,0,0,0,0,0,0,[000000]
6879,659,159,600,0,0,0,0,0,0,0,0,[000000]
6880,671,0,600,0,0,0,0,0,0,0,0,[000000]
6881,671,144,600,0,0,0,0,0,0,0,0,[000000]
6882,683,159,600,0,0,0,0,0,0,0,0,[000000]
6883,959,159,600,0,0,0,0,0,0,0,0,[000000]
6884,971,0,600,0,0,0,0,0,0,0,0,[000000]
6885,971,144,600,0,0,0,0,0,0,0,0,[000000]
6886,983,159,600,0,0,0,0,0,0,0,0,[000000]
6887,1259,159,600,0,0,0,0,0,0,0,0,[000000]
6888,1271,0,600,0,0,0,0,0,0,0,0,[000000]
6889,1271,144,600,0,0,0,0,0,0,0,0,[000000]
6890,1283,159,600,0,0,0,0,0,0,0,0,[000000]
6891,1559,159,600,0,0,0,0,0,0,0,0,[000000]
6892,1571,0,600,0,0,0,0,0,0,0,0,[000000]
6893,1571,144,600,0,0,0,0,0,0,0,0,[000000]
6894,71,0,900,0,0,0,0,0,0,0,0,[000000]
6895,71,144,900,0,0,0,0,0,0,0,0,[000000]
6896,83,159,900,0,0,0,0,0,0,0,0,[000000]
6897,359,159,900,0,0,0,0,0,0,0,0,[000000]
6898,371,0,900,0,0,0,0,0,0,0,0,[000000]
6899,371,144,900,0,0,0,0,0,0,0,0,[000000]
6900,383,159,900,0,0,0,0,0,0,0,0,[000000]
6901,659,159,900,0,0,0,0,0,0,0,0,[000000]
6902,671,0,900,0,0,0,0,0,0,0,0,[000000]
6903,671,144,900,0,0,0,0,0,0,0,0,[000000]
6904,683,159,900,0,0,0,0,0,0,0,0,[000000]
6905,959,159,900,0,0,0,0,0,0,0,0,[000000]
6906,971,0,900,0,0,0,0,0,0,0,0,[000000]
6907,971,144,900,0,0,0,0,0,0,0,0,[000000]
6908,983,159,900,0,0,0,0,0,0,0,0,[000000]
6909,1259,159,900,0,0,0,0,0,0,0,0,[000000]
6910,1271,0,900,0,0,0,0,0,0,0,0,[000000]
6911,1271,144,900,0,0,0,0,0,0,0,0,[000000]
6912,1283,159,900,0,0,0,0,0,0,0,0,[000000]
6913,1559,159,900,0,0,0,0,0,0,0,0,[000000]
6914,1571,0,900,0,0,0,0,0,0,0,0,[000000]
6915,1571,144,900,0,0,0,0,0,0,0,0,[000000]
6916,71,0,450,0,0,0,0,0,0,0,0,[000000]
6917,671,0,450,0,0,0,0,0,0,0,0,[000000]
6918,971,0,450,0,0,0,0,0,0,0,0,[000000]
6919,1271,0,450,0,0,0,0,0,0,0,0,[000000]
6920,71,174,0,0,0,0,0,0,0,0,0,[000000]
6921,71,282,0,0,0,0,0,0,0,0,0,[000000]
6922,80,309,0,0,0,0,0,0,0,0,0,[000000]
6923,362,309,0,0,0,0,0,0,0,0,0,[000000]
6924,371,174,0,0,0,0,0,0,0,0,0,[000000]
6925,371,282,0,0,0,0,0,0,0,0,0,[000000]
6926,380,309,0,0,0,0,0,0,0,0,0,[000000]
6927,662,309,0,0,0,0,0,0,0,0,0,[000000]
6928,671,174,0,0,0,0,0,0,0,0,0,[000000]
6929,671,282,0,0,0,0,0,0,0,0,0,[000000]
6930,680,309,0,0,0,0,0,0,0,0,0,[000000]
6931,962,309,0,0,0,0,0,0,0,0,0,[000000]
6932,971,174,0,0,0,0,0,0,0,0,0,[000000]
6933,971,282,0,0,0,0,0,0,0,0,0,[000000]
6934,980,309,0,0,0,0,0,0,0,0,0,[000000]
6935,1262,309,0,0,0,0,0,0,0,0,0,[000000]
6936,1271,174,0,0,0,0,0,0,0,0,0,[000000]
6937,1271,282,0,0,0,0,0,0,0,0,0,[000000]
6938,1280,309,0,0,0,0,0,0,0,0,0,[000000]
6939,1562,309,0,0,0,0,0,0,0,0,0,[000000]
6940,1571,174,0,0,0,0,0,0,0,0,0,[000000]
6941,1571,282,0,0,0,0,0,0,0,0,0,[000000]
6942,71,174,300,0,0,0,0,0,0,0,0,[000000]
6943,71,306,300,0,0,0,0,0,0,0,0,[000000]
6944,83,321,300,0,0,0,0,0,0,0,0,[000000]
6945,359,321,300,0,0,0,0,0,0,0,0,[000000]
6946,371,174,300,0,0,0,0,0,0,0,0,[000000]
6947,371,306,300,0,0,0,0,0,0,0,0,[000000]
6948,383,321,300,0,0,0,0,0,0,0,0,[000000]
6949,659,321,300,0,0,0,0,0,0,0,0,[000000]
6950,671,174,300,0,0,0,0,0,0,0,0,[000000]
6951,671,306,300,0,0,0,0,0,0,0,0,[000000]
6952,683,321,300,0,0,0,0,0,0,0,0,[000000]
6953,959,321,300,0,0,0,0,0,0,0,0,[000000]
6954,971,174,300,0,0,0,0,0,0,0,0,[000000]
6955,971,306,300,0,0,0,0,0,0,0,0,[000000]
6956,983,321,300,0,0,0,0,0,0,0,0,[000000]
6957,1259,321,300,0,0,0,0,0,0,0,0,[000000]
6958,1271,174,300,0,0,0,0,0,0,0,0,[000000]
6959,1271,306,300,0,0,0,0,0,0,0,0,[000000]
6960,1283,321,300,0,0,0,0,0,0,0,0,[000000]
6961,1559,321,300,0,0,0,0,0,0,0,0,[000000]
6962,1571,174,300,0,0,0,0,0,0,0,0,[000000]
6963,1571,306,300,0,0,0,0,0,0,0,0,[000000]
6964,71,174,600,0,0,0,0,0,0,0,0,[000000]
6965,71,306,600,0,0,0,0,0,0,0,0,[000000]
6966,83,321,600,0,0,0,0,0,0,0,0,[000000]
6967,359,321,600,0,0,0,0,0,0,0,0,[000000]
6968,371,174,600,0,0,0,0,0,0,0,0,[000000]
6969,371,306,600,0,0,0,0,0,0,0,0,[000000]
6970,383,321,600,0,0,0,0,0,0,0,0,[000000]
6971,659,321,600,0,0,0,0,0,0,0,0,[000000]
6972,671,174,600,0,0,0,0,0,0,0,0,[000000]
6973,671,306,600,0,0,0,0,0,0,0,0,[000000]
6974,683,321,600,0,0,0,0,0,0,0,0,[000000]
6975,959,321,600,0,0,0,0,0,0,0,0,[000000]
6976,971,174,600,0,0,0,0,0,0,0,0,[000000]
6977,971,306,600,0,0,0,0,0,0,0,0,[000000]
6978,983,321,600,0,0,0,0,0,0,0,0,[000000]
6979,1259,321,600,0,0,0,0,0,0,0,0,[000000]
6980,1271,174,600,0,0,0,0,0,0,0,0,[000000]
6981,1271,306,600,0,0,0,0,0,0,0,0,[000000]
6982,1283,321,600,0,0,0,0,0,0,0,0,[000000]
6983,1559,321,600,0,0,0,0,0,0,0,0,[000000]
6984,1571,174,600,0,0,0,0,0,0,0,0,[000000]
6985,1571,306,600,0,0,0,0,0,0,0,0,[000000]
6986,71,174,900,0,0,0,0,0,0,0,0,[000000]
6987,71,282,900,0,0,0,0,0,0,0,0,[000000]
6988,80,309,900,0,0,0,0,0,0,0,0,[000000]
6989,362,309,900,0,0,0,0,0,0,0,0,[000000]
6990,371,174,900,0,0,0,0,0,0,0,0,[000000]
6991,371,282,900,0,0,0,0,0,0,0,0,[000000]
6992,380,309,900,0,0,0,0,0,0,0,0,[000000]
6993,662,309,900,0,0,0,0,0,0,0,0,[000000]
6994,671,174,900,0,0,0,0,0,0,0,0,[000000]
6995,671,282,900,0,0,0,0,0,0,0,0,[000000]
6996,680,309,900,0,0,0,0,0,0,0,0,[000000]
6997,962,309,900,0,0,0,0,0,0,0,0,[000000]
6998,971,174,900,0,0,0,0,0,0,0,0,[000000]
6999,971,282,900,0,0,0,0,0,0,0,0,[000000]
7000,980,309,900,0,0,0,0,0,0,0,0,[000000]
7001,1262,309,900,0,0,0,0,0,0,0,0,[000000]
7002,1271,174,900,0,0,0,0,0,0,0,0,[000000]
7003,1271,282,900,0,0,0,0,0,0,0,0,[000000]
7004,1280,309,900,0,0,0,0,0,0,0,0,[000000]
7005,1562,309,900,0,0,0,0,0,0,0,0,[000000]
7006,1571,174,900,0,0,0,0,0,0,0,0,[000000]
7007,1571,282,900,0,0,0,0,0,0,0,0,[000000]
7008,0,174,450,0,0,0,0,0,0,0,0,[000000]
7009,1642,174,450,0,0,0,0,0,0,0,0,[000000]
7010,71,336,0,0,0,0,0,0,0,0,0,[000000]
7011,71,444,0,0,0,0,0,0,0,0,0,[000000]
7012,80,471,0,0,0,0,0,0,0,0,0,[000000]
7013,362,471,0,0,0,0,0,0,0,0,0,[000000]
7014,371,336,0,0,0,0,0,0,0,0,0,[000000]
7015,371,444,0,0,0,0,0,0,0,0,0,[000000]
7016,380,471,0,0,0,0,0,0,0,0,0,[000000]
7017,662,471,0,0,0,0,0,0,0,0,0,[000000]
7018,671,336,0,0,0,0,0,0,0,0,0,[000000]
7019,671,444,0,0,0,0,0,0,0,0,0,[000000]
7020,680,471,0,0,0,0,0,0,0,0,0,[000000]
7021,962,471,0,0,0,0,0,0,0,0,0,[000000]
7022,971,336,0,0,0,0,0,0,0,0,0,[000000]
7023,971,444,0,0,0,0,0,0,0,0,0,[000000]
7024,980,471,0,0,0,0,0,0,0,0,0,[000000]
7025,1262,471,0,0,0,0,0,0,0,0,0,[000000]
7026,1271,336,0,0,0,0,0,0,0,0,0,[000000]
7027,1271,444,0,0,0,0,0,0,0,0,0,[000000]
7028,1280,471,0,0,0,0,0,0,0,0,0,[000000]
7029,1562,471,0,0,0,0,0,0,0,0,0,[000000]
7030,1571,336,0,0,0,0,0,0,0,0,0,[000000]
7031,1571,444,0,0,0,0,0,0,0,0,0,[000000]
7032,71,336,300,0,0,0,0,0,0,0,0,[000000]
7033,71,468,300,0,0,0,0,0,0,0,0,[000000]
7034,83,483,300,0,0,0,0,0,0,0,0,[000000]
7035,359,483,300,0,0,0,0,0,0,0,0,[000000]
7036,371,336,300,0,0,0,0,0,0,0,0,[000000]
7037,371,468,300,0,0,0,0,0,0,0,0,[000000]
7038,383,483,300,0,0,0,0,0,0,0,0,[000000]
7039,659,483,300,0,0,0,0,0,0,0,0,[000000]
7040,671,336,300,0,0,0,0,0,0,0,0,[000000]
7041,671,468,300,0,0,0,0,0,0,0,0,[000000]
7042,683,483,300,0,0,0,0,0,0,0,0,[000000]
7043,959,483,300,0,0,0,0,0,0,0,0,[000000]
7044,971,336,300,0,0,0,0,0,0,0,0,[000000]
7045,971,468,300,0,0,0,0,0,0,0,0,[000000]
7046,983,483,300,0,0,0,0,0,0,0,0,[000000]
7047,1259,483,300,0,0,0,0,0,0,0,0,[000000]
7048,1271,336,300,0,0,0,0,0,0,0,0,[000000]
7049,1271,468,300,0,0,0,0,0,0,0,0,[000000]
7050,1283,483,300,0,0,0,0,0,0,0,0,[000000]
7051,1559,483,300,0,0,0,0,0,0,0,0,[000000]
7052,1571,336,300,0,0,0,0,0,0,0,0,[000000]
7053,1571,468,300,0,0,0,0,0,0,0,0,[000000]
7054,71,336,600,0,0,0,0,0,0,0,0,[000000]
7055,71,468,600,0,0,0,0,0,0,0,0,[000000]
7056,83,483,600,0,0,0,0,0,0,0,0,[000000]
7057,359,483,600,0,0,0,0,0,0,0,0,[000000]
7058,371,336,600,0,0,0,0,0,0,0,0,[000000]
7059,371,468,600,0,0,0,0,0,0,0,0,[000000]
7060,383,483,600,0,0,0,0,0,0,0,0,[000000]
7061,659,483,600,0,0,0,0,0,0,0,0,[000000]
7062,671,336,600,0,0,0,0,0,0,0,0,[000000]
7063,671,468,600,0,0,0,0,0,0,0,0,[000000]
7064,683,483,600,0,0,0,0,0,0,0,0,[000000]
7065,959,483,600,0,0,0,0,0,0,0,0,[000000]
7066,971,336,600,0,0,0,0,0,0,0,0,[000000]
7067,971,468,600,0,0,0,0,0,0,0,0,[000000]
7068,983,483,600,0,0,0,0,0,0,0,0,[000000]
7069,1259,483,600,0,0,0,0,0,0,0,0,[000000]
7070,1271,336,600,0,0,0,0,0,0,0,0,[000000]
7071,1271,468,600,0,0,0,0,0,0,0,0,[000000]
7072,1283,483,600,0,0,0,0,0,0,0,0,[000000]
7073,1559,483,600,0,0,0,0,0,0,0,0,[000000]
7074,1571,336,600,0,0,0,0,0,0,0,0,[000000]
7075,1571,468,600,0,0,0,0,0,0,0,0,[000000]
7076,71,336,900,0,0,0,0,0,0,0,0,[000000]
7077,71,444,900,0,0,0,0,0,0,0,0,[000000]
7078,80,471,900,0,0,0,0,0,0,0,0,[000000]
7079,362,471,900,0,0,0,0,0,0,0,0,[000000]
7080,371,336,900,0,0,0,0,0,0,0,0,[000000]
7081,371,444,900,0,0,0,0,0,0,0,0,[000000]
7082,380,471,900,0,0,0,0,0,0,0,0,[000000]
7083,662,471,900,0,0,0,0,0,0,0,0,[000000]
7084,671,336,900,0,0,0,0,0,0,0,0,[000000]
7085,671,444,900,0,0,0,0,0,0,0,0,[000000]
7086,680,471,900,0,0,0,0,0,0,0,0,[000000]
7087,962,471,900,0,0,0,0,0,0,0,0,[000000]
7088,971,336,900,0,0,0,0,0,0,0,0,[000000]
7089,971,444,900,0,0,0,0,0,0,0,0,[000000]
7090,980,471,900,0,0,0,0,0,0,0,0,[000000]
7091,1262,471,900,0,0,0,0,0,0,0,0,[000000]
7092,1271,336,900,0,0,0,0,0,0,0,0,[000000]
7093,1271,444,900,0,0,0,0,0,0,0,0,[000000]
7094,1280,471,900,0,0,0,0,0,0,0,0,[000000]
7095,1562,471,900,0,0,0,0,0,0,0,0,[000000]
7096,1571,336,900,0,0,0,0,0,0,0,0,[000000]
7097,1571,444,900,0,0,0,0,0,0,0,0,[000000]
7098,71,498,0,0,0,0,0,0,0,0,0,[000000]
7099,71,606,0,0,0,0,0,0,0,0,0,[000000]
7100,80,633,0,0,0,0,0,0,0,0,0,[000000]
7101,362,633,0,0,0,0,0,0,0,0,0,[000000]
7102,371,498,0,0,0,0,0,0,0,0,0,[000000]
7103,371,606,0,0,0,0,0,0,0,0,0,[000000]
7104,380,633,0,0,0,0,0,0,0,0,0,[000000]
7105,662,633,0,0,0,0,0,0,0,0,0,[000000]
7106,671,498,0,0,0,0,0,0,0,0,0,[000000]
7107,671,606,0,0,0,0,0,0,0,0,0,[000000]
7108,680,633,0,0,0,0,0,0,0,0,0,[000000]
7109,962,633,0,0,0,0,0,0,0,0,0,[000000]
7110,971,498,0,0,0,0,0,0,0,0,0,[000000]
7111,971,606,0,0,0,0,0,0,0,0,0,[000000]
7112,980,633,0,0,0,0,0,0,0,0,0,[000000]
7113,1262,633,0,0,0,0,0,0,0,0,0,[000000]
7114,1271,498,0,0,0,0,0,0,0,0,0,[000000]
7115,1271,606,0,0,0,0,0,0,0,0,0,[000000]
7116,1280,633,0,0,0,0,0,0,0,0,0,[000000]
7117,1562,633,0,0,0,0,0,0,0,0,0,[000000]
7118,1571,498,0,0,0,0,0,0,0,0,0,[000000]
7119,1571,606,0,0,0,0,0,0,0,0,0,[000000]
7120,71,498,300,0,0,0,0,0,0,0,0,[000000]
7121,71,630,300,0,0,0,0,0,0,0,0,[000000]
7122,83,645,300,0,0,0,0,0,0,0,0,[000000]
7123,359,645,300,0,0,0,0,0,0,0,0,[000000]
7124,371,498,300,0,0,0,0,0,0,0,0,[000000]
7125,371,630,300,0,0,0,0,0,0,0,0,[000000]
7126,383,645,300,0,0,0,0,0,0,0,0,[000000]
7127,659,645,300,0,0,0,0,0,0,0,0,[000000]
7128,671,498,300,0,0,0,0,0,0,0,0,[000000]
7129,671,630,300,0,0,0,0,0,0,0,0,[000000]
7130,683,645,300,0,0,0,0,0,0,0,0,[000000]
7131,959,645,300,0,0,0,0,0,0,0,0,[000000]
7132,971,498,300,0,0,0,0,0,0,0,0,[000000]
7133,971,630,300,0,0,0,0,0,0,0,0,[000000]
7134,983,645,300,0,0,0,0,0,0,0,0,[000000]
7135,1259,645,300,0,0,0,0,0,0,0,0,[000000]
7136,1271,498,300,0,0,0,0,0,0,0,0,[000000]
7137,1271,630,300,0,0,0,0,0,0,0,0,[000000]
7138,1283,645,300,0,0,0,0,0,0,0,0,[000000]
7139,1559,645,300,0,0,0,0,0,0,0,0,[000000]
7140,1571,498,300,0,0,0,0,0,0,0,0,[000000]
7141,1571,630,300,0,0,0,0,0,0,0,0,[000000]
7142,71,498,600,0,0,0,0,0,0,0,0,[000000]
7143,71,630,600,0,0,0,0,0,0,0,0,[000000]
7144,83,645,600,0,0,0,0,0,0,0,0,[000000]
7145,359,645,600,0,0,0,0,0,0,0,0,[000000]
7146,371,498,600,0,0,0,0,0,0,0,0,[000000]
7147,371,630,600,0,0,0,0,0,0,0,0,[000000]
7148,383,645,600,0,0,0,0,0,0,0,0,[000000]
7149,659,645,600,0,0,0,0,0,0,0,0,[000000]
7150,671,498,600,0,0,0,0,0,0,0,0,[000000]
7151,671,630,600,0,0,0,0,0,0,0,0,[000000]
7152,683,645,600,0,0,0,0,0,0,0,0,[000000]
7153,959,645,600,0,0,0,0,0,0,0,0,[000000]
7154,971,498,600,0,0,0,0,0,0,0,0,[000000]
7155,971,630,600,0,0,0,0,0,0,0,0,[000000]
7156,983,645,600,0,0,0,0,0,0,0,0,[000000]
7157,1259,645,600,0,0,0,0,0,0,0,0,[000000]
7158,1271,498,600,0,0,0,0,0,0,0,0,[000000]
7159,1271,630,600,0,0,0,0,0,0,0,0,[000000]
7160,1283,645,600,0,0,0,0,0,0,0,0,[000000]
7161,1559,645,600,0,0,0,0,0,0,0,0,[000000]
7162,1571,498,600,0,0,0,0,0,0,0,0,[000000]
7163,1571,630,600,0,0,0,0,0,0,0,0,[000000]
7164,71,498,900,0,0,0,0,0,0,0,0,[000000]
7165,71,606,900,0,0,0,0,0,0,0,0,[000000]
7166,80,633,900,0,0,0,0,0,0,0,0,[000000]
7167,362,633,900,0,0,0,0,0,0,0,0,[000000]
7168,371,498,900,0,0,0,0,0,0,0,0,[000000]
7169,371,606,900,0,0,0,0,0,0,0,0,[000000]
7170,380,633,900,0,0,0,0,0,0,0,0,[000000]
7171,662,633,900,0,0,0,0,0,0,0,0,[000000]
7172,671,498,900,0,0,0,0,0,0,0,0,[000000]
7173,671,606,900,0,0,0,0,0,0,0,0,[000000]
7174,680,633,900,0,0,0,0,0,0,0,0,[000000]
7175,962,633,900,0,0,0,0,0,0,0,0,[000000]
7176,971,498,900,0,0,0,0,0,0,0,0,[000000]
7177,971,606,900,0,0,0,0,0,0,0,0,[000000]
7178,980,633,900,0,0,0,0,0,0,0,0,[000000]
7179,1262,633,900,0,0,0,0,0,0,0,0,[000000]
7180,1271,498,900,0,0,0,0,0,0,0,0,[000000]
7181,1271,606,900,0,0,0,0,0,0,0,0,[000000]
7182,1280,633,900,0,0,0,0,0,0,0,0,[000000]
7183,1562,633,900,0,0,0,0,0,0,0,0,[000000]
7184,1571,498,900,0,0,0,0,0,0,0,0,[000000]
7185,1571,606,900,0,0,0,0,0,0,0,0,[000000]
7186,71,660,0,0,0,0,0,0,0,0,0,[000000]
7187,71,768,0,0,0,0,0,0,0,0,0,[000000]
7188,80,795,0,0,0,0,0,0,0,0,0,[000000]
7189,362,795,0,0,0,0,0,0,0,0,0,[000000]
7190,371,660,0,0,0,0,0,0,0,0,0,[000000]
7191,371,768,0,0,0,0,0,0,0,0,0,[000000]
7192,380,795,0,0,0,0,0,0,0,0,0,[000000]
7193,662,795,0,0,0,0,0,0,0,0,0,[000000]
7194,671,660,0,0,0,0,0,0,0,0,0,[000000]
7195,671,768,0,0,0,0,0,0,0,0,0,[000000]
7196,680,795,0,0,0,0,0,0,0,0,0,[000000]
7197,962,795,0,0,0,0,0,0,0,0,0,[000000]
7198,971,660,0,0,0,0,0,0,0,0,0,[000000]
7199,971,768,0,0,0,0,0,0,0,0,0,[000000]
7200,980,795,0,0,0,0,0,0,0,0,0,[000000]
7201,1262,795,0,0,0,0,0,0,0,0,0,[000000]
7202,1271,660,0,0,0,0,0,0,0,0,0,[000000]
7203,1271,768,0,0,0,0,0,0,0,0,0,[000000]
7204,1280,795,0,0,0,0,0,0,0,0,0,[000000]
7205,1562,795,0,0,0,0,0,0,0,0,0,[000000]
7206,1571,660,0,0,0,0,0,0,0,0,0,[000000]
7207,1571,768,0,0,0,0,0,0,0,0,0,[000000]
7208,71,660,300,0,0,0,0,0,0,0,0,[000000]
7209,71,792,300,0,0,0,0,0,0,0,0,[000000]
7210,83,807,300,0,0,0,0,0,0,0,0,[000000]
7211,359,807,300,0,0,0,0,0,0,0,0,[000000]
7212,371,660,300,0,0,0,0,0,0,0,0,[000000]
7213,371,792,300,0,0,0,0,0,0,0,0,[000000]
7214,383,807,300,0,0,0,0,0,0,0,0,[000000]
7215,659,807,300,0,0,0,0,0,0,0,0,[000000]
7216,671,660,300,0,0,0,0,0,0,0,0,[000000]
7217,671,792,300,0,0,0,0,0,0,0,0,[000000]
7218,683,807,300,0,0,0,0,0,0,0,0,[000000]
7219,959,807,300,0,0,0,0,0,0,0,0,[000000]
7220,971,660,300,0,0,0,0,0,0,0,0,[000000]
7221,971,792,300,0,0,0,0,0,0,0,0,[000000]
7222,983,807,300,0,0,0,0,0,0,0,0,[000000]
7223,1259,807,300,0,0,0,0,0,0,0,0,[000000]
7224,1271,660,300,0,0,0,0,0,0,0,0,[000000]
7225,1271,792,300,0,0,0,0,0,0,0,0,[000000]
7226,1283,807,300,0,0,0,0,0,0,0,0,[000000]
7227,1559,807,300,0,0,0,0,0,0,0,0,[000000]
7228,1571,660,300,0,0,0,0,0,0,0,0,[000000]
7229,1571,792,300,0,0,0,0,0,0,0,0,[000000]
7230,71,660,600,0,0,0,0,0,0,0,0,[000000]
7231,71,792,600,0,0,0,0,0,0,0,0,[000000]
7232,83,807,600,0,0,0,0,0,0,0,0,[000000]
7233,359,807,600,0,0,0,0,0,0,0,0,[000000]
7234,371,660,600,0,0,0,0,0,0,0,0,[000000]
7235,371,792,600,0,0,0,0,0,0,0,0,[000000]
7236,383,807,600,0,0,0,0,0,0,0,0,[000000]
7237,659,807,600,0,0,0,0,0,0,0,0,[000000]
7238,671,660,600,0,0,0,0,0,0,0,0,[000000]
7239,671,792,600,0,0,0,0,0,0,0,0,[000000]
7240,683,807,600,0,0,0,0,0,0,0,0,[000000]
7241,959,807,600,0,0,0,0,0,0,0,0,[000000]
7242,971,660,600,0,0,0,0,0,0,0,0,[000000]
7243,971,792,600,0,0,0,0,0,0,0,0,[000000]
7244,983,807,600,0,0,0,0,0,0,0,0,[000000]
7245,1259,807,600,0,0,0,0,0,0,0,0,[000000]
7246,1271,660,600,0,0,0,0,0,0,0,0,[000000]
7247,1271,792,600,0,0,0,0,0,0,0,0,[000000]
7248,1283,807,600,0,0,0,0,0,0,0,0,[000000]
7249,1559,807,600,0,0,0,0,0,0,0,0,[000000]
7250,1571,660,600,0,0,0,0,0,0,0,0,[000000]
7251,1571,792,600,0,0,0,0,0,0,0,0,[000000]
7252,71,660,900,0,0,0,0,0,0,0,0,[000000]
7253,71,768,900,0,0,0,0,0,0,0,0,[000000]
7254,80,795,900,0,0,0,0,0,0,0,0,[000000]
7255,362,795,900,0,0,0,0,0,0,0,0,[000000]
7256,371,660,900,0,0,0,0,0,0,0,0,[000000]
7257,371,768,900,0,0,0,0,0,0,0,0,[000000]
7258,380,795,900,0,0,0,0,0,0,0,0,[000000]
7259,662,795,900,0,0,0,0,0,0,0,0,[000000]
7260,671,660,900,0,0,0,0,0,0,0,0,[000000]
7261,671,768,900,0,0,0,0,0,0,0,0,[000000]
7262,680,795,900,0,0,0,0,0,0,0,0,[000000]
7263,962,795,900,0,0,0,0,0,0,0,0,[000000]
7264,971,660,900,0,0,0,0,0,0,0,0,[000000]
7265,971,768,900,0,0,0,0,0,0,0,0,[000000]
7266,980,795,900,0,0,0,0,0,0,0,0,[000000]
7267,1262,795,900,0,0,0,0,0,0,0,0,[000000]
7268,1271,660,900,0,0,0,0,0,0,0,0,[000000]
7269,1271,768,900,0,0,0,0,0,0,0,0,[000000]
7270,1280,795,900,0,0,0,0,0,0,0,0,[000000]
7271,1562,795,900,0,0,0,0,0,0,0,0,[000000]
7272,1571,660,900,0,0,0,0,0,0,0,0,[000000]
7273,1571,768,900,0,0,0,0,0,0,0,0,[000000]
7274,71,822,0,0,0,0,0,0,0,0,0,[000000]
7275,71,930,0,0,0,0,0,0,0,0,0,[000000]
7276,80,955,0,0,0,0,0,0,0,0,0,[000000]
7277,362,955,0,0,0,0,0,0,0,0,0,[000000]
7278,371,822,0,0,0,0,0,0,0,0,0,[000000]
7279,371,930,0,0,0,0,0,0,0,0,0,[000000]
7280,380,955,0,0,0,0,0,0,0,0,0,[000000]
7281,662,955,0,0,0,0,0,0,0,0,0,[000000]
7282,671,822,0,0,0,0,0,0,0,0,0,[000000]
7283,671,930,0,0,0,0,0,0,0,0,0,[000000]
7284,680,955,0,0,0,0,0,0,0,0,0,[000000]
7285,962,955,0,0,0,0,0,0,0,0,0,[000000]
7286,971,822,0,0,0,0,0,0,0,0,0,[000000]
7287,971,930,0,0,0,0,0,0,0,0,0,[000000]
7288,980,955,0,0,0,0,0,0,0,0,0,[000000]
7289,1262,955,0,0,0,0,0,0,0,0,0,[000000]
7290,1271,822,0,0,0,0,0,0,0,0,0,[000000]
7291,1271,930,0,0,0,0,0,0,0,0,0,[000000]
7292,1280,955,0,0,0,0,0,0,0,0,0,[000000]
7293,1562,955,0,0,0,0,0,0,0,0,0,[000000]
7294,1571,822,0,0,0,0,0,0,0,0,0,[000000]
7295,1571,930,0,0,0,0,0,0,0,0,0,[000000]
7296,71,822,300,0,0,0,0,0,0,0,0,[000000]
7297,71,950,300,0,0,0,0,0,0,0,0,[000000]
7298,83,965,300,0,0,0,0,0,0,0,0,[000000]
7299,359,965,300,0,0,0,0,0,0,0,0,[000000]
7300,371,822,300,0,0,0,0,0,0,0,0,[000000]
7301,371,950,300,0,0,0,0,0,0,0,0,[000000]
7302,383,965,300,0,0,0,0,0,0,0,0,[000000]
7303,659,965,300,0,0,0,0,0,0,0,0,[000000]
7304,671,822,300,0,0,0,0,0,0,0,0,[000000]
7305,671,950,300,0,0,0,0,0,0,0,0,[000000]
7306,683,965,300,0,0,0,0,0,0,0,0,[000000]
7307,959,965,300,0,0,0,0,0,0,0,0,[000000]
7308,971,822,300,0,0,0,0,0,0,0,0,[000000]
7309,971,950,300,0,0,0,0,0,0,0,0,[000000]
7310,983,965,300,0,0,0,0,0,0,0,0,[000000]
7311,1259,965,300,0,0,0,0,0,0,0,0,[000000]
7312,1271,822,300,0,0,0,0,0,0,0,0,[000000]
7313,1271,950,300,0,0,0,0,0,0,0,0,[000000]
7314,1283,965,300,0,0,0,0,0,0,0,0,[000000]
7315,1559,965,300,0,0,0,0,0,0,0,0,[000000]
7316,1571,822,300,0,0,0,0,0,0,0,0,[000000]
7317,1571,950,300,0,0,0,0,0,0,0,0,[000000]
7318,71,822,600,0,0,0,0,0,0,0,0,[000000]
7319,71,950,600,0,0,0,0,0,0,0,0,[000000]
7320,83,965,600,0,0,0,0,0,0,0,0,[000000]
7321,359,965,600,0,0,0,0,0,0,0,0,[000000]
7322,371,822,600,0,0,0,0,0,0,0,0,[000000]
7323,371,950,600,0,0,0,0,0,0,0,0,[000000]
7324,383,965,600,0,0,0,0,0,0,0,0,[000000]
7325,659,965,600,0,0,0,0,0,0,0,0,[000000]
7326,671,822,600,0,0,0,0,0,0,0,0,[000000]
7327,671,950,600,0,0,0,0,0,0,0,0,[000000]
7328,683,965,600,0,0,0,0,0,0,0,0,[000000]
7329,959,965,600,0,0,0,0,0,0,0,0,[000000]
7330,971,822,600,0,0,0,0,0,0,0,0,[000000]
7331,971,950,600,0,0,0,0,0,0,0,0,[000000]
7332,983,965,600,0,0,0,0,0,0,0,0,[000000]
7333,1259,965,600,0,0,0,0,0,0,0,0,[000000]
7334,1271,822,600,0,0,0,0,0,0,0,0,[000000]
7335,1271,950,600,0,0,0,0,0,0,0,0,[000000]
7336,1283,965,600,0,0,0,0,0,0,0,0,[000000]
7337,1559,965,600,0,0,0,0,0,0,0,0,[000000]
7338,1571,822,600,0,0,0,0,0,0,0,0,[000000]
7339,1571,950,600,0,0,0,0,0,0,0,0,[000000]
7340,71,822,900,0,0,0,0,0,0,0,0,[000000]
7341,71,930,900,0,0,0,0,0,0,0,0,[000000]
7342,80,955,900,0,0,0,0,0,0,0,0,[000000]
7343,362,955,900,0,0,0,0,0,0,0,0,[000000]
7344,371,822,900,0,0,0,0,0,0,0,0,[000000]
7345,371,930,900,0,0,0,0,0,0,0,0,[000000]
7346,380,955,900,0,0,0,0,0,0,0,0,[000000]
7347,662,955,900,0,0,0,0,0,0,0,0,[000000]
7348,671,822,900,0,0,0,0,0,0,0,0,[000000]
7349,671,930,900,0,0,0,0,0,0,0,0,[000000]
7350,680,955,900,0,0,0,0,0,0,0,0,[000000]
7351,962,955,900,0,0,0,0,0,0,0,0,[000000]
7352,971,822,900,0,0,0,0,0,0,0,0,[000000]
7353,971,930,900,0,0,0,0,0,0,0,0,[000000]
7354,980,955,900,0,0,0,0,0,0,0,0,[000000]
7355,1262,955,900,0,0,0,0,0,0,0,0,[000000]
7356,1271,822,900,0,0,0,0,0,0,0,0,[000000]
7357,1271,930,900,0,0,0,0,0,0,0,0,[000000]
7358,1280,955,900,0,0,0,0,0,0,0,0,[000000]
7359,1562,955,900,0,0,0,0,0,0,0,0,[000000]
7360,1571,822,900,0,0,0,0,0,0,0,0,[000000]
7361,1571,930,900,0,0,0,0,0,0,0,0,[000000]
7362,0,174,0,0,0,0,0,0,0,0,0,[000000]
7363,71,174,0,0,0,0,0,0,0,0,0,[000000]
7364,0,174,300,0,0,0,0,0,0,0,0,[000000]
7365,71,174,300,0,0,0,0,0,0,0,0,[000000]
7366,0,174,600,0,0,0,0,0,0,0,0,[000000]
7367,71,174,600,0,0,0,0,0,0,0,0,[000000]
7368,0,174,900,0,0,0,0,0,0,0,0,[000000]
7369,71,174,900,0,0,0,0,0,0,0,0,[000000]
7370,1571,174,0,0,0,0,0,0,0,0,0,[000000]
7371,1642,174,0,0,0,0,0,0,0,0,0,[000000]
7372,1571,174,300,0,0,0,0,0,0,0,0,[000000]
7373,1642,174,300,0,0,0,0,0,0,0,0,[000000]
7374,1571,174,600,0,0,0,0,0,0,0,0,[000000]
7375,1642,174,600,0,0,0,0,0,0,0,0,[000000]
7376,1571,174,900,0,0,0,0,0,0,0,0,[000000]
7377,1642,174,900,0,0,0,0,0,0,0,0,[000000]
7378,0,336,0,0,0,0,0,0,0,0,0,[000000]
7379,71,336,0,0,0,0,0,0,0,0,0,[000000]
7380,0,336,300,0,0,0,0,0,0,0,0,[000000]
7381,71,336,300,0,0,0,0,0,0,0,0,[000000]
7382,0,336,600,0,0,0,0,0,0,0,0,[000000]
7383,71,336,600,0,0,0,0,0,0,0,0,[000000]
7384,0,336,900,0,0,0,0,0,0,0,0,[000000]
7385,71,336,900,0,0,0,0,0,0,0,0,[000000]
7386,1571,336,0,0,0,0,0,0,0,0,0,[000000]
7387,1642,336,0,0,0,0,0,0,0,0,0,[000000]
7388,1571,336,300,0,0,0,0,0,0,0,0,[000000]
7389,1642,336,300,0,0,0,0,0,0,0,0,[000000]
7390,1571,336,600,0,0,0,0,0,0,0,0,[000000]
7391,1642,336,600,0,0,0,0,0,0,0,0,[000000]
7392,1571,336,900,0,0,0,0,0,0,0,0,[000000]
7393,1642,336,900,0,0,0,0,0,0,0,0,[000000]
7394,0,498,0,0,0,0,0,0,0,0,0,[000000]
7395,71,498,0,0,0,0,0,0,0,0,0,[000000]
7396,0,498,300,0,0,0,0,0,0,0,0,[000000]
7397,71,498,300,0,0,0,0,0,0,0,0,[000000]
7398,0,498,600,0,0,0,0,0,0,0,0,[000000]
7399,71,498,600,0,0,0,0,0,0,0,0,[000000]
7400,0,498,900,0,0,0,0,0,0,0,0,[000000]
7401,71,498,900,0,0,0,0,0,0,0,0,[000000]
7402,1571,498,0,0,0,0,0,0,0,0,0,[000000]
7403,1642,498,0,0,0,0,0,0,0,0,0,[000000]
7404,1571,498,300,0,0,0,0,0,0,0,0,[000000]
7405,1642,498,300,0,0,0,0,0,0,0,0,[000000]
7406,1571,498,600,0,0,0,0,0,0,0,0,[000000]
7407,1642,498,600,0,0,0,0,0,0,0,0,[000000]
7408,1571,498,900,0,0,0,0,0,0,0,0,[000000]
7409,1642,498,900,0,0,0,0,0,0,0,0,[000000]
7410,0,660,0,0,0,0,0,0,0,0,0,[000000]
7411,71,660,0,0,0,0,0,0,0,0,0,[000000]
7412,0,660,300,0,0,0,0,0,0,0,0,[000000]
7413,71,660,300,0,0,0,0,0,0,0,0,[000000]
7414,0,660,600,0,0,0,0,0,0,0,0,[000000]
7415,71,660,600,0,0,0,0,0,0,0,0,[000000]
7416,0,660,900,0,0,0,0,0,0,0,0,[000000]
7417,71,660,900,0,0,0,0,0,0,0,0,[000000]
7418,1571,660,0,0,0,0,0,0,0,0,0,[000000]
7419,1642,660,0,0,0,0,0,0,0,0,0,[000000]
7420,1571,660,300,0,0,0,0,0,0,0,0,[000000]
7421,1642,660,300,0,0,0,0,0,0,0,0,[000000]
7422,1571,660,600,0,0,0,0,0,0,0,0,[000000]
7423,1642,660,600,0,0,0,0,0,0,0,0,[000000]
7424,1571,660,900,0,0,0,0,0,0,0,0,[000000]
7425,1642,660,900,0,0,0,0,0,0,0,0,[000000]
7426,0,822,0,0,0,0,0,0,0,0,0,[000000]
7427,71,822,0,0,0,0,0,0,0,0,0,[000000]
7428,0,822,300,0,0,0,0,0,0,0,0,[000000]
7429,71,822,300,0,0,0,0,0,0,0,0,[000000]
7430,0,822,600,0,0,0,0,0,0,0,0,[000000]
7431,71,822,600,0,0,0,0,0,0,0,0,[000000]
7432,0,822,900,0,0,0,0,0,0,0,0,[000000]
7433,71,822,900,0,0,0,0,0,0,0,0,[000000]
7434,1571,822,0,0,0,0,0,0,0,0,0,[000000]
7435,1642,822,0,0,0,0,0,0,0,0,0,[000000]
7436,1571,822,300,0,0,0,0,0,0,0,0,[000000]
7437,1642,822,300,0,0,0,0,0,0,0,0,[000000]
7438,1571,822,600,0,0,0,0,0,0,0,0,[000000]
7439,1642,822,600,0,0,0,0,0,0,0,0,[000000]
7440,1571,822,900,0,0,0,0,0,0,0,0,[000000]
7441,1642,822,900,0,0,0,0,0,0,0,0,[000000]
7442,0,980,0,0,0,0,0,0,0,0,0,[000000]
7443,71,980,0,0,0,0,0,0,0,0,0,[000000]
7444,0,980,300,0,0,0,0,0,0,0,0,[000000]
7445,71,980,300,0,0,0,0,0,0,0,0,[000000]
7446,0,980,600,0,0,0,0,0,0,0,0,[000000]
7447,71,980,600,0,0,0,0,0,0,0,0,[000000]
7448,0,980,900,0,0,0,0,0,0,0,0,[000000]
7449,71,980,900,0,0,0,0,0,0,0,0,[000000]
7450,1571,980,0,0,0,0,0,0,0,0,0,[000000]
7451,1642,980,0,0,0,0,0,0,0,0,0,[000000]
7452,1571,980,300,0,0,0,0,0,0,0,0,[000000]
7453,1642,980,300,0,0,0,0,0,0,0,0,[000000]
7454,1571,980,600,0,0,0,0,0,0,0,0,[000000]
7455,1642,980,600,0,0,0,0,0,0,0,0,[000000]
7456,1571,980,900,0,0,0,0,0,0,0,0,[000000]
7457,1642,980,900,0,0,0,0,0,0,0,0,[000000]
